date,hour_utc,t2m_c,d2m_c
2014-01-01,6,29.349,21.258
2014-01-01,21,22.893,
2014-01-03,6,29.859,21.269
2014-01-03,21,21.721,
2014-01-05,6,28.724,21.908
2014-01-05,21,23.556,
2014-01-07,6,28.014,21.726
2014-01-07,21,22.833,
2014-01-09,6,28.487,20.136
2014-01-09,21,23.241,
2014-01-11,6,26.778,19.027
2014-01-11,21,22.657,
2014-01-13,6,25.833,20.044
2014-01-13,21,22.754,
2014-01-15,6,27.075,20.081
2014-01-15,21,21.574,
2014-01-17,6,25.835,18.589
2014-01-17,21,21.743,
2014-01-19,6,23.92,17.021
2014-01-19,21,20.956,
2014-01-21,6,25.466,18.121
2014-01-21,21,22.296,
2014-01-23,6,25.213,17.428
2014-01-23,21,20.897,
2014-01-25,6,26.435,16.691
2014-01-25,21,17.93,
2014-01-27,6,26.47,18.587
2014-01-27,21,21.08,
2014-01-29,6,27.987,19.211
2014-01-29,21,21.549,
2014-01-31,6,27.386,18.01
2014-01-31,21,22.939,
2014-02-02,6,30.071,22.206
2014-02-02,21,23.194,
2014-02-04,6,30.403,21.929
2014-02-04,21,23.616,
2014-02-06,6,30.12,23.435
2014-02-06,21,23.251,
2014-02-08,6,31.48,22.192
2014-02-08,21,24.321,
2014-02-10,6,31.145,21.861
2014-02-10,21,24.118,
2014-02-12,6,28.145,20.646
2014-02-12,21,21.288,
2014-02-14,6,29.227,19.031
2014-02-14,21,22.351,
2014-02-16,6,27.941,20.944
2014-02-16,21,22.745,
2014-02-18,6,29.134,21.413
2014-02-18,21,21.581,
2014-02-20,6,28.506,20.638
2014-02-20,21,22.505,
2014-02-22,6,26.442,19.038
2014-02-22,21,22.349,
2014-02-24,6,27.358,19.356
2014-02-24,21,21.304,
2014-02-26,6,28.001,21.393
2014-02-26,21,21.994,
2014-02-28,6,29.739,20.606
2014-02-28,21,21.617,
2014-03-02,6,30.556,20.636
2014-03-02,21,22.801,
2014-03-04,6,29.599,22.095
2014-03-04,21,23.144,
2014-03-06,6,30.357,20.244
2014-03-06,21,23.538,
2014-03-08,6,29.855,21.373
2014-03-08,21,22.297,
2014-03-10,6,28.744,22.042
2014-03-10,21,24.334,
2014-03-12,6,30.405,21.103
2014-03-12,21,23.126,
2014-03-14,6,31.305,22.486
2014-03-14,21,24.932,
2014-03-16,6,29.958,21.93
2014-03-16,21,24.19,
2014-03-18,6,30.753,21.223
2014-03-18,21,23.538,
2014-03-20,6,31.444,20.426
2014-03-20,21,24.163,
2014-03-22,6,28.738,21.86
2014-03-22,21,23.644,
2014-03-24,6,25.904,22.929
2014-03-24,21,24.145,
2014-03-26,6,31.239,23.432
2014-03-26,21,25.113,
2014-03-28,6,32.57,22.927
2014-03-28,21,25.107,
2014-03-30,6,32.542,22.143
2014-03-30,21,25.414,
2014-04-01,6,32.966,21.566
2014-04-01,21,25.412,
2014-04-03,6,33.531,22.253
2014-04-03,21,25.276,
2014-04-05,6,32.798,20.65
2014-04-05,21,25.18,
2014-04-07,6,32.315,20.97
2014-04-07,21,25.508,
2014-04-09,6,32.091,22.812
2014-04-09,21,24.418,
2014-04-11,6,31.193,22.643
2014-04-11,21,25.254,
2014-04-13,6,31.604,23.528
2014-04-13,21,25.473,
2014-04-15,6,30.529,20.365
2014-04-15,21,25.061,
2014-04-17,6,32.433,22.323
2014-04-17,21,25.007,
2014-04-19,6,32.303,24.015
2014-04-19,21,25.811,
2014-04-21,6,33.358,21.339
2014-04-21,21,24.675,
2014-04-23,6,33.579,22.838
2014-04-23,21,26.263,
2014-04-25,6,32.819,24.1
2014-04-25,21,26.077,
2014-04-27,6,34.262,22.662
2014-04-27,21,26.048,
2014-04-29,6,33.27,23.705
2014-04-29,21,25.794,
2014-05-01,6,33.301,23.312
2014-05-01,21,26.487,
2014-05-03,6,33.44,23.753
2014-05-03,21,26.477,
2014-05-05,6,33.865,23.973
2014-05-05,21,26.615,
2014-05-07,6,33.848,24.158
2014-05-07,21,26.734,
2014-05-09,6,34.089,24.789
2014-05-09,21,26.983,
2014-05-11,6,34.875,22.175
2014-05-11,21,26.958,
2014-05-13,6,33.626,23.701
2014-05-13,21,26.765,
2014-05-15,6,35.088,23.21
2014-05-15,21,26.994,
2014-05-17,6,35.403,22.265
2014-05-17,21,27.299,
2014-05-19,6,35.289,22.349
2014-05-19,21,27.062,
2014-05-21,6,34.316,23.963
2014-05-21,21,25.576,
2014-05-23,6,34.614,24.145
2014-05-23,21,26.508,
2014-05-25,6,33.707,24.059
2014-05-25,21,26.012,
2014-05-27,6,31.752,25.673
2014-05-27,21,26.28,
2014-05-29,6,31.745,25.758
2014-05-29,21,26.221,
2014-05-31,6,33.183,25.4
2014-05-31,21,26.583,
2014-06-02,6,34.145,25.249
2014-06-02,21,27.187,
2014-06-04,6,32.095,26.026
2014-06-04,21,25.963,
2014-06-06,6,30.687,25.192
2014-06-06,21,25.286,
2014-06-08,6,31.216,25.568
2014-06-08,21,25.254,
2014-06-10,6,27.354,24.966
2014-06-10,21,25.982,
2014-06-12,6,27.827,24.913
2014-06-12,21,25.103,
2014-06-14,6,29.608,25.081
2014-06-14,21,25.246,
2014-06-16,6,31.868,25.888
2014-06-16,21,25.88,
2014-06-18,6,27.928,25.306
2014-06-18,21,24.876,
2014-06-20,6,28.624,25.272
2014-06-20,21,25.276,
2014-06-22,6,28.908,24.869
2014-06-22,21,25.102,
2014-06-24,6,31.819,24.946
2014-06-24,21,25.823,
2014-06-26,6,28.502,25.756
2014-06-26,21,24.77,
2014-06-28,6,30.323,24.894
2014-06-28,21,25.432,
2014-06-30,6,30.357,25.4
2014-06-30,21,25.275,
2014-07-02,6,31.083,25.29
2014-07-02,21,25.519,
2014-07-04,6,27.989,25.21
2014-07-04,21,24.547,
2014-07-06,6,28.133,26.029
2014-07-06,21,25.436,
2014-07-08,6,28.257,25.008
2014-07-08,21,25.009,
2014-07-10,6,29.52,25.567
2014-07-10,21,25.079,
2014-07-12,6,32.853,24.706
2014-07-12,21,26.168,
2014-07-14,6,31.617,25.269
2014-07-14,21,25.531,
2014-07-16,6,26.016,24.111
2014-07-16,21,23.828,
2014-07-18,6,29.142,25.823
2014-07-18,21,24.883,
2014-07-20,6,28.977,25.287
2014-07-20,21,25.05,
2014-07-22,6,25.649,23.895
2014-07-22,21,24.698,
2014-07-24,6,26.97,24.717
2014-07-24,21,24.764,
2014-07-26,6,28.339,25.084
2014-07-26,21,24.088,
2014-07-28,6,27.317,24.741
2014-07-28,21,24.469,
2014-07-30,6,28.269,25.393
2014-07-30,21,25.34,
2014-08-01,6,26.961,24.971
2014-08-01,21,25.441,
2014-08-03,6,27.473,25.424
2014-08-03,21,24.844,
2014-08-05,6,25.67,24.045
2014-08-05,21,24.923,
2014-08-07,6,30.351,25.459
2014-08-07,21,25.842,
2014-08-09,6,30.382,25.131
2014-08-09,21,25.442,
2014-08-11,6,30.404,25.309
2014-08-11,21,25.802,
2014-08-13,6,30.737,24.72
2014-08-13,21,25.02,
2014-08-15,6,32.085,25.045
2014-08-15,21,25.46,
2014-08-17,6,27.95,25.367
2014-08-17,21,24.269,
2014-08-19,6,31.499,24.883
2014-08-19,21,25.156,
2014-08-21,6,29.981,24.909
2014-08-21,21,24.631,
2014-08-23,6,30.839,24.906
2014-08-23,21,25.043,
2014-08-25,6,29.492,25.363
2014-08-25,21,24.297,
2014-08-27,6,30.738,24.662
2014-08-27,21,24.956,
2014-08-29,6,28.077,23.98
2014-08-29,21,24.523,
2014-08-31,6,30.075,25.098
2014-08-31,21,24.433,
2014-09-02,6,29.463,24.374
2014-09-02,21,24.664,
2014-09-04,6,27.728,24.608
2014-09-04,21,24.456,
2014-09-06,6,30.359,25.845
2014-09-06,21,25.099,
2014-09-08,6,29.757,26.466
2014-09-08,21,24.636,
2014-09-10,6,27.678,25.514
2014-09-10,21,23.993,
2014-09-12,6,29.952,25.59
2014-09-12,21,25.935,
2014-09-14,6,25.648,24.158
2014-09-14,21,23.981,
2014-09-16,6,29.496,25.347
2014-09-16,21,24.496,
2014-09-18,6,29.737,25.321
2014-09-18,21,25.032,
2014-09-20,6,27.282,25.394
2014-09-20,21,25.224,
2014-09-22,6,29.505,25.402
2014-09-22,21,24.785,
2014-09-24,6,30.472,24.71
2014-09-24,21,25.212,
2014-09-26,6,29.428,24.682
2014-09-26,21,25.242,
2014-09-28,6,30.592,24.896
2014-09-28,21,25.42,
2014-09-30,6,30.326,24.98
2014-09-30,21,25.757,
2014-10-02,6,30.066,24.895
2014-10-02,21,24.669,
2014-10-04,6,28.901,25.27
2014-10-04,21,24.513,
2014-10-06,6,30.966,23.669
2014-10-06,21,24.629,
2014-10-08,6,28.006,24.264
2014-10-08,21,24.415,
2014-10-10,6,29.775,24.517
2014-10-10,21,25.051,
2014-10-12,6,29.136,24.62
2014-10-12,21,24.115,
2014-10-14,6,29.778,24.397
2014-10-14,21,24.46,
2014-10-16,6,29.291,21.67
2014-10-16,21,24.724,
2014-10-18,6,27.047,24.043
2014-10-18,21,25.02,
2014-10-20,6,28.903,25.095
2014-10-20,21,25.232,
2014-10-22,6,29.123,24.502
2014-10-22,21,24.607,
2014-10-24,6,30.17,23.896
2014-10-24,21,24.238,
2014-10-26,6,29.973,23.593
2014-10-26,21,24.528,
2014-10-28,6,28.774,23.403
2014-10-28,21,25.223,
2014-10-30,6,30.051,22.379
2014-10-30,21,25.067,
2014-11-01,6,30.761,24.718
2014-11-01,21,24.57,
2014-11-03,6,31.536,22.783
2014-11-03,21,25.391,
2014-11-05,6,29.538,22.841
2014-11-05,21,24.324,
2014-11-07,6,29.12,20.666
2014-11-07,21,23.612,
2014-11-09,6,29.316,22.371
2014-11-09,21,25.291,
2014-11-11,6,29.511,21.69
2014-11-11,21,24.629,
2014-11-13,6,30.008,20.294
2014-11-13,21,24.402,
2014-11-15,6,26.844,24.06
2014-11-15,21,24.24,
2014-11-17,6,31.062,24.871
2014-11-17,21,25.215,
2014-11-19,6,29.361,23.147
2014-11-19,21,25.234,
2014-11-21,6,30.305,22.962
2014-11-21,21,24.802,
2014-11-23,6,30.944,23.22
2014-11-23,21,25.4,
2014-11-25,6,30.706,23.784
2014-11-25,21,25.154,
2014-11-27,6,28.219,23.829
2014-11-27,21,24.864,
2014-11-29,6,29.227,24.013
2014-11-29,21,24.486,
2014-12-01,6,28.448,23.809
2014-12-01,21,25.117,
2014-12-03,6,30.206,22.053
2014-12-03,21,24.923,
2014-12-05,6,28.897,23.146
2014-12-05,21,24.359,
2014-12-07,6,25.628,20.208
2014-12-07,21,23.283,
2014-12-09,6,25.398,23.743
2014-12-09,21,24.407,
2014-12-11,6,29.425,23.798
2014-12-11,21,24.459,
2014-12-13,6,27.688,23.58
2014-12-13,21,24.619,
2014-12-15,6,27.604,23.665
2014-12-15,21,24.543,
2014-12-17,6,27.153,21.742
2014-12-17,21,23.475,
2014-12-19,6,26.818,21.351
2014-12-19,21,23.225,
2014-12-21,6,27.949,22.835
2014-12-21,21,24.849,
2014-12-23,6,27.559,22.696
2014-12-23,21,24.619,
2014-12-25,6,27.566,23.021
2014-12-25,21,24.407,
2014-12-27,6,27.547,22.12
2014-12-27,21,23.736,
2014-12-29,6,27.684,20.404
2014-12-29,21,23.144,
2014-12-31,6,24.816,21.492
2014-12-31,21,23.2,
2015-01-02,6,26.461,19.419
2015-01-02,21,22.094,
2015-01-04,6,27.899,21.05
2015-01-04,21,22.669,
2015-01-06,6,28.096,22.85
2015-01-06,21,22.476,
2015-01-08,6,27.509,20.496
2015-01-08,21,22.559,
2015-01-10,6,26.59,18.682
2015-01-10,21,21.657,
2015-01-12,6,26.95,20.104
2015-01-12,21,22.781,
2015-01-14,6,27.355,21.859
2015-01-14,21,22.09,
2015-01-16,6,27.449,20.617
2015-01-16,21,22.071,
2015-01-18,6,21.869,19.187
2015-01-18,21,20.899,
2015-01-20,6,28.366,22.841
2015-01-20,21,22.328,
2015-01-22,6,27.738,21.689
2015-01-22,21,22.889,
2015-01-24,6,25.593,19.127
2015-01-24,21,21.975,
2015-01-26,6,27.762,20.691
2015-01-26,21,21.058,
2015-01-28,6,28.177,22.148
2015-01-28,21,23.195,
2015-01-30,6,27.735,21.589
2015-01-30,21,22.347,
2015-02-01,6,25.699,19.318
2015-02-01,21,21.688,
2015-02-03,6,27.094,18.71
2015-02-03,21,21.378,
2015-02-05,6,27.53,19.797
2015-02-05,21,21.409,
2015-02-07,6,28.173,20.819
2015-02-07,21,21.302,
2015-02-09,6,27.926,19.332
2015-02-09,21,22.496,
2015-02-11,6,27.101,20.481
2015-02-11,21,22.194,
2015-02-13,6,26.602,20.21
2015-02-13,21,23.331,
2015-02-15,6,28.779,22.445
2015-02-15,21,23.559,
2015-02-17,6,29.98,20.519
2015-02-17,21,23.374,
2015-02-19,6,27.501,21.173
2015-02-19,21,23.096,
2015-02-21,6,27.501,20.3
2015-02-21,21,22.01,
2015-02-23,6,28.958,18.638
2015-02-23,21,21.708,
2015-02-25,6,29.62,21.102
2015-02-25,21,23.48,
2015-02-27,6,30.293,20.368
2015-02-27,21,23.276,
2015-03-01,6,29.99,19.886
2015-03-01,21,22.634,
2015-03-03,6,30.101,19.343
2015-03-03,21,21.847,
2015-03-05,6,29.42,21.235
2015-03-05,21,23.608,
2015-03-07,6,30.753,21.032
2015-03-07,21,22.827,
2015-03-09,6,29.878,19.588
2015-03-09,21,21.311,
2015-03-11,6,26.434,20.907
2015-03-11,21,23.469,
2015-03-13,6,28.994,21.119
2015-03-13,21,23.053,
2015-03-15,6,30.559,20.055
2015-03-15,21,23.117,
2015-03-17,6,29.978,17.948
2015-03-17,21,21.406,
2015-03-19,6,30.896,19.756
2015-03-19,21,22.64,
2015-03-21,6,29.384,23.61
2015-03-21,21,24.864,
2015-03-23,6,28.62,23.112
2015-03-23,21,23.829,
2015-03-25,6,28.547,21.673
2015-03-25,21,24.63,
2015-03-27,6,30.411,21.285
2015-03-27,21,24.356,
2015-03-29,6,31.451,20.11
2015-03-29,21,23.996,
2015-03-31,6,31.863,21.113
2015-03-31,21,25.228,
2015-04-02,6,32.092,21.654
2015-04-02,21,23.676,
2015-04-04,6,32.377,20.98
2015-04-04,21,26.07,
2015-04-06,6,32.299,23.095
2015-04-06,21,25.538,
2015-04-08,6,30.915,20.83
2015-04-08,21,24.485,
2015-04-10,6,30.81,21.712
2015-04-10,21,23.969,
2015-04-12,6,31.322,21.606
2015-04-12,21,24.434,
2015-04-14,6,31.386,22.622
2015-04-14,21,24.949,
2015-04-16,6,32.201,23.934
2015-04-16,21,25.645,
2015-04-18,6,32.323,23.379
2015-04-18,21,25.928,
2015-04-20,6,32.656,23.789
2015-04-20,21,26.323,
2015-04-22,6,32.443,21.239
2015-04-22,21,25.877,
2015-04-24,6,31.61,22.119
2015-04-24,21,25.197,
2015-04-26,6,31.931,22.226
2015-04-26,21,24.999,
2015-04-28,6,32.929,21.709
2015-04-28,21,25.821,
2015-04-30,6,33.501,21.498
2015-04-30,21,25.529,
2015-05-02,6,32.62,23.93
2015-05-02,21,26.354,
2015-05-04,6,31.915,24.839
2015-05-04,21,25.102,
2015-05-06,6,33.463,23.055
2015-05-06,21,25.7,
2015-05-08,6,32.221,24.451
2015-05-08,21,25.392,
2015-05-10,6,30.352,23.904
2015-05-10,21,25.93,
2015-05-12,6,32.982,24.715
2015-05-12,21,26.466,
2015-05-14,6,33.025,23.02
2015-05-14,21,26.224,
2015-05-16,6,33.153,21.503
2015-05-16,21,25.63,
2015-05-18,6,33.247,19.856
2015-05-18,21,25.875,
2015-05-20,6,32.457,23.747
2015-05-20,21,26.27,
2015-05-22,6,32.71,23.733
2015-05-22,21,26.155,
2015-05-24,6,32.638,24.725
2015-05-24,21,25.666,
2015-05-26,6,31.639,24.748
2015-05-26,21,25.891,
2015-05-28,6,32.003,24.643
2015-05-28,21,26.049,
2015-05-30,6,31.55,24.267
2015-05-30,21,25.108,
2015-06-01,6,33.896,22.543
2015-06-01,21,26.577,
2015-06-03,6,33.72,24.008
2015-06-03,21,25.661,
2015-06-05,6,31.709,24.406
2015-06-05,21,25.856,
2015-06-07,6,32.222,23.969
2015-06-07,21,26.709,
2015-06-09,6,30.759,24.434
2015-06-09,21,25.625,
2015-06-11,6,31.854,24.471
2015-06-11,21,26.496,
2015-06-13,6,31.965,23.969
2015-06-13,21,26.335,
2015-06-15,6,33.417,23.818
2015-06-15,21,26.903,
2015-06-17,6,32.627,24.872
2015-06-17,21,25.383,
2015-06-19,6,32.415,25.725
2015-06-19,21,25.486,
2015-06-21,6,28.623,24.746
2015-06-21,21,25.621,
2015-06-23,6,29.77,25.095
2015-06-23,21,25.351,
2015-06-25,6,31.525,26.294
2015-06-25,21,25.894,
2015-06-27,6,32.254,25.371
2015-06-27,21,25.508,
2015-06-29,6,30.659,25.087
2015-06-29,21,25.084,
2015-07-01,6,30.6,25.223
2015-07-01,21,25.456,
2015-07-03,6,31.016,25.311
2015-07-03,21,26.157,
2015-07-05,6,25.812,23.824
2015-07-05,21,23.493,
2015-07-07,6,28.062,25.32
2015-07-07,21,24.791,
2015-07-09,6,25.893,24.325
2015-07-09,21,24.603,
2015-07-11,6,28.336,24.438
2015-07-11,21,25.611,
2015-07-13,6,29.415,25.24
2015-07-13,21,25.864,
2015-07-15,6,29.88,25.708
2015-07-15,21,26.192,
2015-07-17,6,28.245,24.969
2015-07-17,21,25.315,
2015-07-19,6,31.197,23.846
2015-07-19,21,25.21,
2015-07-21,6,31.186,24.141
2015-07-21,21,25.424,
2015-07-23,6,30.052,23.507
2015-07-23,21,25.179,
2015-07-25,6,29.69,25.311
2015-07-25,21,23.88,
2015-07-27,6,26.829,23.173
2015-07-27,21,23.784,
2015-07-29,6,29.649,23.736
2015-07-29,21,24.79,
2015-07-31,6,32.18,23.606
2015-07-31,21,24.73,
2015-08-02,6,29.714,24.049
2015-08-02,21,25.433,
2015-08-04,6,31.068,24.674
2015-08-04,21,24.853,
2015-08-06,6,30.116,25.15
2015-08-06,21,25.162,
2015-08-08,6,29.303,25.01
2015-08-08,21,25.272,
2015-08-10,6,28.761,24.727
2015-08-10,21,24.897,
2015-08-12,6,28.297,24.617
2015-08-12,21,25.292,
2015-08-14,6,30.741,25.408
2015-08-14,21,25.977,
2015-08-16,6,31.625,25.275
2015-08-16,21,25.848,
2015-08-18,6,30.914,25.373
2015-08-18,21,25.555,
2015-08-20,6,28.359,24.829
2015-08-20,21,25.561,
2015-08-22,6,26.676,24.555
2015-08-22,21,25.502,
2015-08-24,6,26.5,24.39
2015-08-24,21,24.433,
2015-08-26,6,29.839,24.829
2015-08-26,21,24.691,
2015-08-28,6,30.79,25.125
2015-08-28,21,24.677,
2015-08-30,6,30.222,24.48
2015-08-30,21,24.198,
2015-09-01,6,29.597,24.661
2015-09-01,21,25.482,
2015-09-03,6,31.618,24.929
2015-09-03,21,25.243,
2015-09-05,6,29.634,24.741
2015-09-05,21,24.549,
2015-09-07,6,30.638,25.755
2015-09-07,21,24.913,
2015-09-09,6,30.683,26.044
2015-09-09,21,25.127,
2015-09-11,6,28.46,24.415
2015-09-11,21,24.791,
2015-09-13,6,29.935,24.938
2015-09-13,21,24.952,
2015-09-15,6,31.013,24.128
2015-09-15,21,24.404,
2015-09-17,6,30.964,24.883
2015-09-17,21,25.541,
2015-09-19,6,31.753,23.08
2015-09-19,21,25.117,
2015-09-21,6,30.795,24.92
2015-09-21,21,24.857,
2015-09-23,6,30.109,25.961
2015-09-23,21,25.18,
2015-09-25,6,31.285,26.142
2015-09-25,21,25.878,
2015-09-27,6,29.403,26.663
2015-09-27,21,25.084,
2015-09-29,6,29.799,25.544
2015-09-29,21,25.258,
2015-10-01,6,28.624,24.729
2015-10-01,21,24.266,
2015-10-03,6,31.9,24.562
2015-10-03,21,25.301,
2015-10-05,6,30.523,25.764
2015-10-05,21,25.155,
2015-10-07,6,30.215,24.069
2015-10-07,21,25.048,
2015-10-09,6,30.508,24.625
2015-10-09,21,25.161,
2015-10-11,6,30.49,25.183
2015-10-11,21,25.347,
2015-10-13,6,29.935,23.227
2015-10-13,21,25.176,
2015-10-15,6,30.135,24.286
2015-10-15,21,25.228,
2015-10-17,6,26.745,25.056
2015-10-17,21,26.606,
2015-10-19,6,27.71,24.912
2015-10-19,21,25.569,
2015-10-21,6,29.896,22.898
2015-10-21,21,24.073,
2015-10-23,6,29.759,23.657
2015-10-23,21,24.048,
2015-10-25,6,31.72,24.592
2015-10-25,21,25.182,
2015-10-27,6,31.406,24.18
2015-10-27,21,24.923,
2015-10-29,6,30.013,21.294
2015-10-29,21,25.281,
2015-10-31,6,29.332,23.726
2015-10-31,21,25.872,
2015-11-02,6,30.272,23.201
2015-11-02,21,25.207,
2015-11-04,6,31.174,23.553
2015-11-04,21,25.655,
2015-11-06,6,31.504,23.159
2015-11-06,21,25.735,
2015-11-08,6,31.539,22.736
2015-11-08,21,25.66,
2015-11-10,6,31.585,21.648
2015-11-10,21,25.296,
2015-11-12,6,30.624,23.33
2015-11-12,21,25.225,
2015-11-14,6,31.393,22.764
2015-11-14,21,25.446,
2015-11-16,6,30.785,23.377
2015-11-16,21,25.602,
2015-11-18,6,29.865,23.485
2015-11-18,21,24.617,
2015-11-20,6,30.155,22.522
2015-11-20,21,24.87,
2015-11-22,6,30.912,22.487
2015-11-22,21,25.326,
2015-11-24,6,31.322,21.957
2015-11-24,21,25.336,
2015-11-26,6,30.904,21.687
2015-11-26,21,24.686,
2015-11-28,6,29.145,23.173
2015-11-28,21,25.801,
2015-11-30,6,30.089,23.714
2015-11-30,21,25.496,
2015-12-02,6,31.427,20.868
2015-12-02,21,23.706,
2015-12-04,6,30.456,22.278
2015-12-04,21,25.517,
2015-12-06,6,30.642,24.008
2015-12-06,21,25.376,
2015-12-08,6,31.024,22.485
2015-12-08,21,25.588,
2015-12-10,6,31.037,23.099
2015-12-10,21,24.936,
2015-12-12,6,30.637,23.734
2015-12-12,21,25.331,
2015-12-14,6,29.703,23.462
2015-12-14,21,25.094,
2015-12-16,6,25.567,23.625
2015-12-16,21,23.526,
2015-12-18,6,26.432,22.413
2015-12-18,21,23.831,
2015-12-20,6,28.483,23.716
2015-12-20,21,23.793,
2015-12-22,6,29.181,22.649
2015-12-22,21,23.331,
2015-12-24,6,29.998,23.443
2015-12-24,21,23.323,
2015-12-26,6,28.536,22.322
2015-12-26,21,23.237,
2015-12-28,6,28.981,20.495
2015-12-28,21,22.601,
2015-12-30,6,28.994,21.809
2015-12-30,21,24.013,
2016-01-01,6,27.63,23.351
2016-01-01,21,24.273,
2016-01-03,6,29.888,22.561
2016-01-03,21,23.753,
2016-01-05,6,30.02,21.231
2016-01-05,21,22.581,
2016-01-07,6,29.187,22.568
2016-01-07,21,23.466,
2016-01-09,6,29.081,23.322
2016-01-09,21,23.98,
2016-01-11,6,30.146,22.47
2016-01-11,21,24.587,
2016-01-13,6,30.065,23.43
2016-01-13,21,24.236,
2016-01-15,6,29.65,21.966
2016-01-15,21,23.601,
2016-01-17,6,30.675,22.602
2016-01-17,21,22.948,
2016-01-19,6,29.916,23.233
2016-01-19,21,25.262,
2016-01-21,6,29.872,21.816
2016-01-21,21,24.058,
2016-01-23,6,30.532,23.938
2016-01-23,21,24.226,
2016-01-25,6,26.258,20.359
2016-01-25,21,22.843,
2016-01-27,6,27.298,21.06
2016-01-27,21,24.197,
2016-01-29,6,28.82,23.41
2016-01-29,21,24.579,
2016-01-31,6,29.532,21.969
2016-01-31,21,24.62,
2016-02-02,6,29.537,20.304
2016-02-02,21,24.676,
2016-02-04,6,29.295,23.754
2016-02-04,21,24.928,
2016-02-06,6,26.513,22.615
2016-02-06,21,22.763,
2016-02-08,6,26.012,19.697
2016-02-08,21,22.508,
2016-02-10,6,28.952,22.028
2016-02-10,21,23.523,
2016-02-12,6,29.791,21.053
2016-02-12,21,22.828,
2016-02-14,6,30.078,20.998
2016-02-14,21,23.376,
2016-02-16,6,27.766,21.376
2016-02-16,21,22.928,
2016-02-18,6,28.592,21.07
2016-02-18,21,23.025,
2016-02-20,6,29.083,22.204
2016-02-20,21,23.146,
2016-02-22,6,30.407,21.803
2016-02-22,21,23.807,
2016-02-24,6,29.163,20.556
2016-02-24,21,24.352,
2016-02-26,6,26.676,21.929
2016-02-26,21,23.961,
2016-02-28,6,28.215,22.582
2016-02-28,21,24.784,
2016-03-01,6,27.395,21.185
2016-03-01,21,24.013,
2016-03-03,6,28.366,23.802
2016-03-03,21,23.374,
2016-03-05,6,30.896,23.21
2016-03-05,21,24.086,
2016-03-07,6,31.114,23.277
2016-03-07,21,25.417,
2016-03-09,6,31.463,23.65
2016-03-09,21,25.669,
2016-03-11,6,31.468,22.882
2016-03-11,21,25.183,
2016-03-13,6,31.88,21.725
2016-03-13,21,23.516,
2016-03-15,6,29.822,22.927
2016-03-15,21,24.971,
2016-03-17,6,31.195,23.885
2016-03-17,21,25.091,
2016-03-19,6,32.729,22.421
2016-03-19,21,23.937,
2016-03-21,6,32.211,21.973
2016-03-21,21,24.886,
2016-03-23,6,32.568,22.597
2016-03-23,21,24.302,
2016-03-25,6,32.566,22.754
2016-03-25,21,24.901,
2016-03-27,6,30.252,23.166
2016-03-27,21,24.201,
2016-03-29,6,29.043,22.544
2016-03-29,21,24.902,
2016-03-31,6,31.444,23.626
2016-03-31,21,26.005,
2016-04-02,6,32.151,22.509
2016-04-02,21,25.114,
2016-04-04,6,32.767,22.016
2016-04-04,21,25.96,
2016-04-06,6,32.136,21.535
2016-04-06,21,25.21,
2016-04-08,6,32.721,23.155
2016-04-08,21,25.942,
2016-04-10,6,33.643,21.445
2016-04-10,21,24.732,
2016-04-12,6,34.163,22.729
2016-04-12,21,26.131,
2016-04-14,6,34.32,24.824
2016-04-14,21,27.423,
2016-04-16,6,34.067,24.773
2016-04-16,21,26.564,
2016-04-18,6,34.418,23.735
2016-04-18,21,27.049,
2016-04-20,6,32.855,22.825
2016-04-20,21,26.466,
2016-04-22,6,33.73,22.877
2016-04-22,21,25.76,
2016-04-24,6,33.691,23.019
2016-04-24,21,26.126,
2016-04-26,6,33.641,22.045
2016-04-26,21,25.543,
2016-04-28,6,33.319,24.355
2016-04-28,21,26.811,
2016-04-30,6,33.45,24.548
2016-04-30,21,26.333,
2016-05-02,6,34.756,21.724
2016-05-02,21,27.263,
2016-05-04,6,33.975,22.855
2016-05-04,21,26.772,
2016-05-06,6,34.005,24.04
2016-05-06,21,27.008,
2016-05-08,6,34.224,23.075
2016-05-08,21,27.068,
2016-05-10,6,34.498,23.291
2016-05-10,21,26.861,
2016-05-12,6,33.049,24.42
2016-05-12,21,26.986,
2016-05-14,6,33.217,24.298
2016-05-14,21,26.987,
2016-05-16,6,33.768,24.48
2016-05-16,21,26.313,
2016-05-18,6,33.086,24.344
2016-05-18,21,25.445,
2016-05-20,6,31.679,25.121
2016-05-20,21,26.294,
2016-05-22,6,30.94,25.522
2016-05-22,21,25.946,
2016-05-24,6,30.582,25.576
2016-05-24,21,25.978,
2016-05-26,6,32.2,25.096
2016-05-26,21,26.351,
2016-05-28,6,31.914,25.662
2016-05-28,21,26.327,
2016-05-30,6,32.818,24.683
2016-05-30,21,26.229,
2016-06-01,6,30.254,25.724
2016-06-01,21,25.832,
2016-06-03,6,30.984,25.65
2016-06-03,21,26.328,
2016-06-05,6,32.081,26.031
2016-06-05,21,25.818,
2016-06-07,6,30.214,24.747
2016-06-07,21,25.26,
2016-06-09,6,28.803,25.157
2016-06-09,21,25.363,
2016-06-11,6,31.793,25.224
2016-06-11,21,25.812,
2016-06-13,6,30.61,25.813
2016-06-13,21,25.762,
2016-06-15,6,32.391,25.389
2016-06-15,21,26.26,
2016-06-17,6,30.569,24.698
2016-06-17,21,26.836,
2016-06-19,6,33.259,24.594
2016-06-19,21,26.636,
2016-06-21,6,31.404,24.768
2016-06-21,21,26.071,
2016-06-23,6,31.617,25.414
2016-06-23,21,26.136,
2016-06-25,6,30.721,24.555
2016-06-25,21,25.657,
2016-06-27,6,29.145,23.974
2016-06-27,21,25.496,
2016-06-29,6,30.765,25.357
2016-06-29,21,25.519,
2016-07-01,6,32.318,24.969
2016-07-01,21,25.904,
2016-07-03,6,29.2,25.192
2016-07-03,21,24.626,
2016-07-05,6,29.92,25.175
2016-07-05,21,24.765,
2016-07-07,6,28.16,24.916
2016-07-07,21,24.599,
2016-07-09,6,27.045,24.364
2016-07-09,21,24.725,
2016-07-11,6,27.017,24.385
2016-07-11,21,24.821,
2016-07-13,6,30.196,25.193
2016-07-13,21,25.289,
2016-07-15,6,31.88,25.706
2016-07-15,21,26.176,
2016-07-17,6,31.733,25.151
2016-07-17,21,25.752,
2016-07-19,6,31.041,24.977
2016-07-19,21,25.705,
2016-07-21,6,32.927,24.814
2016-07-21,21,25.465,
2016-07-23,6,31.033,25.409
2016-07-23,21,24.754,
2016-07-25,6,30.953,25.162
2016-07-25,21,25.315,
2016-07-27,6,32.137,25.388
2016-07-27,21,26.035,
2016-07-29,6,31.255,25.42
2016-07-29,21,25.425,
2016-07-31,6,26.905,24.24
2016-07-31,21,25.33,
2016-08-02,6,28.601,24.689
2016-08-02,21,25.002,
2016-08-04,6,31.617,25.297
2016-08-04,21,25.254,
2016-08-06,6,29.432,26.349
2016-08-06,21,24.805,
2016-08-08,6,26.218,24.503
2016-08-08,21,24.929,
2016-08-10,6,26.262,24.17
2016-08-10,21,24.874,
2016-08-12,6,26.931,25.353
2016-08-12,21,25.384,
2016-08-14,6,27.682,25.209
2016-08-14,21,26.46,
2016-08-16,6,28.419,25.551
2016-08-16,21,26.088,
2016-08-18,6,29.785,26.988
2016-08-18,21,26.055,
2016-08-20,6,27.565,25.341
2016-08-20,21,24.841,
2016-08-22,6,30.109,25.69
2016-08-22,21,25.651,
2016-08-24,6,29.275,26.251
2016-08-24,21,25.839,
2016-08-26,6,28.744,25.631
2016-08-26,21,25.099,
2016-08-28,6,27.088,24.361
2016-08-28,21,25.425,
2016-08-30,6,29.392,26.392
2016-08-30,21,25.417,
2016-09-01,6,29.119,24.454
2016-09-01,21,25.347,
2016-09-03,6,30.353,24.329
2016-09-03,21,25.715,
2016-09-05,6,29.263,24.843
2016-09-05,21,24.97,
2016-09-07,6,31.022,25.649
2016-09-07,21,25.415,
2016-09-09,6,30.934,24.875
2016-09-09,21,25.095,
2016-09-11,6,31.879,25.627
2016-09-11,21,25.221,
2016-09-13,6,29.396,25.715
2016-09-13,21,25.117,
2016-09-15,6,29.63,26.227
2016-09-15,21,25.361,
2016-09-17,6,28.844,25.694
2016-09-17,21,25.181,
2016-09-19,6,28.889,25.128
2016-09-19,21,24.989,
2016-09-21,6,29.033,24.765
2016-09-21,21,25.735,
2016-09-23,6,30.764,25.621
2016-09-23,21,24.933,
2016-09-25,6,30.005,25.699
2016-09-25,21,25.614,
2016-09-27,6,27.902,25.375
2016-09-27,21,25.074,
2016-09-29,6,26.648,24.232
2016-09-29,21,24.309,
2016-10-01,6,30.452,25.679
2016-10-01,21,25.054,
2016-10-03,6,28.262,24.887
2016-10-03,21,25.045,
2016-10-05,6,29.609,24.653
2016-10-05,21,24.899,
2016-10-07,6,27.429,24.492
2016-10-07,21,25.083,
2016-10-09,6,29.189,25.56
2016-10-09,21,25.525,
2016-10-11,6,30.302,25.422
2016-10-11,21,24.939,
2016-10-13,6,28.647,24.527
2016-10-13,21,24.262,
2016-10-15,6,27.251,24.75
2016-10-15,21,25.051,
2016-10-17,6,29.016,25.366
2016-10-17,21,25.289,
2016-10-19,6,28.587,24.926
2016-10-19,21,25.937,
2016-10-21,6,30.396,26.051
2016-10-21,21,25.693,
2016-10-23,6,31.373,25.577
2016-10-23,21,25.812,
2016-10-25,6,31.671,23.443
2016-10-25,21,26.293,
2016-10-27,6,30.21,24.143
2016-10-27,21,26.322,
2016-10-29,6,31.605,23.699
2016-10-29,21,25.815,
2016-10-31,6,30.643,23.912
2016-10-31,21,25.798,
2016-11-02,6,28.177,24.309
2016-11-02,21,25.881,
2016-11-04,6,27.639,23.971
2016-11-04,21,24.225,
2016-11-06,6,30.375,24.524
2016-11-06,21,24.886,
2016-11-08,6,29.708,21.187
2016-11-08,21,23.72,
2016-11-10,6,29.576,21.918
2016-11-10,21,25.088,
2016-11-12,6,29.756,23.505
2016-11-12,21,25.395,
2016-11-14,6,30.314,23.79
2016-11-14,21,25.53,
2016-11-16,6,30.091,24.353
2016-11-16,21,25.489,
2016-11-18,6,29.684,24.472
2016-11-18,21,25.483,
2016-11-20,6,30.653,24.32
2016-11-20,21,25.41,
2016-11-22,6,30.669,22.078
2016-11-22,21,24.86,
2016-11-24,6,29.408,21.341
2016-11-24,21,25.129,
2016-11-26,6,27.467,24.851
2016-11-26,21,25.273,
2016-11-28,6,31.262,24.851
2016-11-28,21,25.843,
2016-11-30,6,29.613,23.76
2016-11-30,21,25.453,
2016-12-02,6,27.79,23.881
2016-12-02,21,25.102,
2016-12-04,6,30.632,21.747
2016-12-04,21,25.252,
2016-12-06,6,30.409,21.438
2016-12-06,21,25.833,
2016-12-08,6,29.032,24.423
2016-12-08,21,24.878,
2016-12-10,6,29.704,24.188
2016-12-10,21,25.138,
2016-12-12,6,29.501,23.898
2016-12-12,21,25.064,
2016-12-14,6,27.954,24.442
2016-12-14,21,24.64,
2016-12-16,6,26.714,23.182
2016-12-16,21,23.499,
2016-12-18,6,26.802,23.765
2016-12-18,21,25.191,
2016-12-20,6,29.967,22.862
2016-12-20,21,24.863,
2016-12-22,6,30.155,22.123
2016-12-22,21,24.877,
2016-12-24,6,28.111,22.23
2016-12-24,21,25.118,
2016-12-26,6,26.524,24.305
2016-12-26,21,24.734,
2016-12-28,6,29.913,23.972
2016-12-28,21,25.126,
2016-12-30,6,29.847,23.486
2016-12-30,21,24.907,
2017-01-01,6,27.368,21.786
2017-01-01,21,24.298,
2017-01-03,6,28.798,21.729
2017-01-03,21,24.562,
2017-01-05,6,27.297,23.032
2017-01-05,21,23.882,
2017-01-07,6,28.872,20.286
2017-01-07,21,22.661,
2017-01-09,6,28.251,21.021
2017-01-09,21,24.689,
2017-01-11,6,26.125,22.544
2017-01-11,21,23.895,
2017-01-13,6,29.746,22.728
2017-01-13,21,24.383,
2017-01-15,6,28.039,23.147
2017-01-15,21,24.027,
2017-01-17,6,27.163,20.663
2017-01-17,21,23.765,
2017-01-19,6,28.45,21.079
2017-01-19,21,23.111,
2017-01-21,6,28.364,19.925
2017-01-21,21,23.69,
2017-01-23,6,26.822,22.834
2017-01-23,21,23.538,
2017-01-25,6,26.394,21.717
2017-01-25,21,22.998,
2017-01-27,6,26.973,21.259
2017-01-27,21,22.701,
2017-01-29,6,26.218,21.908
2017-01-29,21,24.062,
2017-01-31,6,29.109,22.769
2017-01-31,21,24.857,
2017-02-02,6,26.639,23.069
2017-02-02,21,23.698,
2017-02-04,6,27.775,20.555
2017-02-04,21,22.93,
2017-02-06,6,27.837,21.341
2017-02-06,21,23.669,
2017-02-08,6,29.105,21.177
2017-02-08,21,22.861,
2017-02-10,6,27.69,20.193
2017-02-10,21,22.583,
2017-02-12,6,26.245,18.858
2017-02-12,21,21.644,
2017-02-14,6,25.818,16.646
2017-02-14,21,21.617,
2017-02-16,6,27.07,19.979
2017-02-16,21,22.874,
2017-02-18,6,27.552,23.682
2017-02-18,21,24.079,
2017-02-20,6,29.493,23.216
2017-02-20,21,24.195,
2017-02-22,6,29.143,22.157
2017-02-22,21,23.53,
2017-02-24,6,29.632,22.338
2017-02-24,21,24.597,
2017-02-26,6,30.07,23.067
2017-02-26,21,24.625,
2017-02-28,6,29.309,22.076
2017-02-28,21,24.322,
2017-03-02,6,29.208,22.541
2017-03-02,21,24.135,
2017-03-04,6,26.888,21.904
2017-03-04,21,23.629,
2017-03-06,6,30.683,21.548
2017-03-06,21,22.837,
2017-03-08,6,29.6,21.274
2017-03-08,21,23.733,
2017-03-10,6,30.209,21.251
2017-03-10,21,23.483,
2017-03-12,6,30.933,20.619
2017-03-12,21,24.27,
2017-03-14,6,31.978,23.174
2017-03-14,21,25.393,
2017-03-16,6,29.851,21.203
2017-03-16,21,23.969,
2017-03-18,6,30.009,19.454
2017-03-18,21,23.746,
2017-03-20,6,29.829,20.007
2017-03-20,21,23.196,
2017-03-22,6,31.661,22.913
2017-03-22,21,25.162,
2017-03-24,6,32.701,22.822
2017-03-24,21,24.81,
2017-03-26,6,32.289,22.256
2017-03-26,21,25.529,
2017-03-28,6,28.942,21.677
2017-03-28,21,24.716,
2017-03-30,6,30.983,21.613
2017-03-30,21,24.067,
2017-04-01,6,32.569,21.732
2017-04-01,21,25.046,
2017-04-03,6,27.538,19.955
2017-04-03,21,23.418,
2017-04-05,6,29.818,21.071
2017-04-05,21,23.858,
2017-04-07,6,32.227,22.215
2017-04-07,21,25.644,
2017-04-09,6,32.744,22.892
2017-04-09,21,25.586,
2017-04-11,6,33.625,22.373
2017-04-11,21,26.02,
2017-04-13,6,33.394,21.632
2017-04-13,21,25.64,
2017-04-15,6,31.941,22.951
2017-04-15,21,25.923,
2017-04-17,6,32.012,24.222
2017-04-17,21,25.151,
2017-04-19,6,31.843,24.714
2017-04-19,21,25.816,
2017-04-21,6,33.079,24.736
2017-04-21,21,25.905,
2017-04-23,6,32.181,24.376
2017-04-23,21,25.653,
2017-04-25,6,33.309,23.387
2017-04-25,21,25.792,
2017-04-27,6,33.185,23.988
2017-04-27,21,25.846,
2017-04-29,6,32.9,24.545
2017-04-29,21,25.685,
2017-05-01,6,31.126,24.675
2017-05-01,21,26.351,
2017-05-03,6,32.253,24.864
2017-05-03,21,25.824,
2017-05-05,6,33.468,22.941
2017-05-05,21,26.669,
2017-05-07,6,33.345,24.565
2017-05-07,21,26.169,
2017-05-09,6,33.384,23.683
2017-05-09,21,26.973,
2017-05-11,6,31.533,22.558
2017-05-11,21,26.424,
2017-05-13,6,34.04,22.528
2017-05-13,21,26.793,
2017-05-15,6,33.742,22.793
2017-05-15,21,26.253,
2017-05-17,6,30.264,24.054
2017-05-17,21,25.978,
2017-05-19,6,33.192,25.592
2017-05-19,21,26.061,
2017-05-21,6,31.955,24.942
2017-05-21,21,25.706,
2017-05-23,6,29.469,25.078
2017-05-23,21,25.869,
2017-05-25,6,29.342,26.328
2017-05-25,21,25.702,
2017-05-27,6,31.601,26.575
2017-05-27,21,25.332,
2017-05-29,6,32.57,25.65
2017-05-29,21,26.211,
2017-05-31,6,32.133,25.491
2017-05-31,21,26.29,
2017-06-02,6,30.662,25.925
2017-06-02,21,26.14,
2017-06-04,6,30.803,25.637
2017-06-04,21,25.764,
2017-06-06,6,32.246,25.178
2017-06-06,21,26.721,
2017-06-08,6,31.811,25.284
2017-06-08,21,26.428,
2017-06-10,6,28.509,24.964
2017-06-10,21,25.235,
2017-06-12,6,32.198,24.764
2017-06-12,21,26.221,
2017-06-14,6,33.271,25.865
2017-06-14,21,25.656,
2017-06-16,6,32.465,25.281
2017-06-16,21,25.824,
2017-06-18,6,32.922,24.275
2017-06-18,21,25.673,
2017-06-20,6,32.116,24.658
2017-06-20,21,26.017,
2017-06-22,6,31.447,24.432
2017-06-22,21,25.104,
2017-06-24,6,32.81,24.638
2017-06-24,21,25.765,
2017-06-26,6,32.106,25.221
2017-06-26,21,26.495,
2017-06-28,6,30.882,24.585
2017-06-28,21,24.676,
2017-06-30,6,31.48,24.478
2017-06-30,21,25.407,
2017-07-02,6,30.978,25.362
2017-07-02,21,24.277,
2017-07-04,6,28.535,23.811
2017-07-04,21,24.558,
2017-07-06,6,31.211,24.515
2017-07-06,21,25.829,
2017-07-08,6,30.12,25.203
2017-07-08,21,24.84,
2017-07-10,6,30.925,24.67
2017-07-10,21,25.495,
2017-07-12,6,30.245,24.582
2017-07-12,21,24.949,
2017-07-14,6,29.711,25.113
2017-07-14,21,24.758,
2017-07-16,6,30.136,25.15
2017-07-16,21,25.207,
2017-07-18,6,29.653,24.477
2017-07-18,21,25.602,
2017-07-20,6,27.261,24.024
2017-07-20,21,24.366,
2017-07-22,6,29.304,25.275
2017-07-22,21,24.826,
2017-07-24,6,29.754,25.576
2017-07-24,21,25.097,
2017-07-26,6,25.904,23.96
2017-07-26,21,25.0,
2017-07-28,6,27.359,25.339
2017-07-28,21,25.852,
2017-07-30,6,28.687,25.889
2017-07-30,21,26.557,
2017-08-01,6,30.062,27.406
2017-08-01,21,26.072,
2017-08-03,6,29.045,26.354
2017-08-03,21,25.012,
2017-08-05,6,29.034,24.888
2017-08-05,21,25.202,
2017-08-07,6,31.22,26.257
2017-08-07,21,25.543,
2017-08-09,6,31.418,25.408
2017-08-09,21,26.033,
2017-08-11,6,30.888,25.357
2017-08-11,21,26.027,
2017-08-13,6,31.283,24.787
2017-08-13,21,25.591,
2017-08-15,6,32.906,25.423
2017-08-15,21,25.898,
2017-08-17,6,33.424,24.107
2017-08-17,21,26.542,
2017-08-19,6,28.879,25.318
2017-08-19,21,24.376,
2017-08-21,6,26.517,24.383
2017-08-21,21,24.896,
2017-08-23,6,28.674,24.616
2017-08-23,21,25.181,
2017-08-25,6,27.181,24.884
2017-08-25,21,23.949,
2017-08-27,6,31.543,24.353
2017-08-27,21,25.371,
2017-08-29,6,30.332,24.73
2017-08-29,21,25.351,
2017-08-31,6,27.804,25.403
2017-08-31,21,25.215,
2017-09-02,6,30.775,26.404
2017-09-02,21,25.535,
2017-09-04,6,30.764,26.091
2017-09-04,21,25.118,
2017-09-06,6,30.109,24.397
2017-09-06,21,24.776,
2017-09-08,6,32.806,24.874
2017-09-08,21,26.544,
2017-09-10,6,32.344,25.013
2017-09-10,21,26.063,
2017-09-12,6,25.47,24.301
2017-09-12,21,25.525,
2017-09-14,6,29.828,25.059
2017-09-14,21,25.252,
2017-09-16,6,31.161,25.279
2017-09-16,21,25.398,
2017-09-18,6,31.377,26.195
2017-09-18,21,25.464,
2017-09-20,6,30.046,25.669
2017-09-20,21,25.057,
2017-09-22,6,30.146,25.586
2017-09-22,21,24.507,
2017-09-24,6,32.411,24.221
2017-09-24,21,26.26,
2017-09-26,6,27.548,24.911
2017-09-26,21,25.029,
2017-09-28,6,29.582,25.67
2017-09-28,21,25.254,
2017-09-30,6,28.468,24.765
2017-09-30,21,25.333,
2017-10-02,6,30.16,25.23
2017-10-02,21,25.314,
2017-10-04,6,30.782,25.057
2017-10-04,21,26.077,
2017-10-06,6,30.293,24.791
2017-10-06,21,25.034,
2017-10-08,6,28.302,25.376
2017-10-08,21,25.141,
2017-10-10,6,29.713,25.487
2017-10-10,21,24.767,
2017-10-12,6,29.07,26.095
2017-10-12,21,25.558,
2017-10-14,6,26.497,24.962
2017-10-14,21,24.554,
2017-10-16,6,30.002,24.942
2017-10-16,21,25.225,
2017-10-18,6,31.036,24.106
2017-10-18,21,25.126,
2017-10-20,6,30.107,24.538
2017-10-20,21,26.008,
2017-10-22,6,29.73,25.517
2017-10-22,21,25.698,
2017-10-24,6,29.645,22.745
2017-10-24,21,24.895,
2017-10-26,6,29.075,24.134
2017-10-26,21,24.852,
2017-10-28,6,29.33,24.5
2017-10-28,21,24.929,
2017-10-30,6,28.58,24.418
2017-10-30,21,25.112,
2017-11-01,6,25.652,23.87
2017-11-01,21,24.673,
2017-11-03,6,29.88,24.231
2017-11-03,21,24.962,
2017-11-05,6,27.952,23.977
2017-11-05,21,25.661,
2017-11-07,6,29.765,23.875
2017-11-07,21,25.501,
2017-11-09,6,25.973,23.584
2017-11-09,21,24.493,
2017-11-11,6,30.473,25.425
2017-11-11,21,25.178,
2017-11-13,6,28.972,24.615
2017-11-13,21,25.88,
2017-11-15,6,31.617,23.884
2017-11-15,21,25.544,
2017-11-17,6,28.679,24.695
2017-11-17,21,25.266,
2017-11-19,6,30.438,24.167
2017-11-19,21,25.634,
2017-11-21,6,30.465,24.157
2017-11-21,21,25.503,
2017-11-23,6,30.111,22.888
2017-11-23,21,25.857,
2017-11-25,6,29.236,24.28
2017-11-25,21,25.631,
2017-11-27,6,30.372,23.186
2017-11-27,21,25.461,
2017-11-29,6,29.764,23.724
2017-11-29,21,25.828,
2017-12-01,6,29.862,24.898
2017-12-01,21,25.38,
2017-12-03,6,30.749,24.53
2017-12-03,21,25.417,
2017-12-05,6,28.818,23.072
2017-12-05,21,25.053,
2017-12-07,6,28.842,23.878
2017-12-07,21,24.932,
2017-12-09,6,29.891,23.649
2017-12-09,21,24.7,
2017-12-11,6,28.493,24.102
2017-12-11,21,24.951,
2017-12-13,6,28.652,22.9
2017-12-13,21,24.768,
2017-12-15,6,27.842,18.831
2017-12-15,21,22.243,
2017-12-17,6,26.225,21.001
2017-12-17,21,24.22,
2017-12-19,6,27.349,23.779
2017-12-19,21,23.975,
2017-12-21,6,26.929,23.043
2017-12-21,21,24.533,
2017-12-23,6,27.625,23.739
2017-12-23,21,24.81,
2017-12-25,6,29.221,22.145
2017-12-25,21,25.471,
2017-12-27,6,26.694,23.836
2017-12-27,21,25.096,
2017-12-29,6,28.119,22.256
2017-12-29,21,23.597,
2017-12-31,6,28.176,21.676
2017-12-31,21,23.673,
2018-01-02,6,26.403,20.562
2018-01-02,21,24.174,
2018-01-04,6,28.373,22.988
2018-01-04,21,24.17,
2018-01-06,6,29.673,22.764
2018-01-06,21,24.265,
2018-01-08,6,29.575,24.562
2018-01-08,21,24.57,
2018-01-10,6,29.678,23.331
2018-01-10,21,24.891,
2018-01-12,6,25.931,19.091
2018-01-12,21,22.344,
2018-01-14,6,26.146,20.459
2018-01-14,21,23.01,
2018-01-16,6,26.794,23.326
2018-01-16,21,23.539,
2018-01-18,6,29.014,23.831
2018-01-18,21,24.741,
2018-01-20,6,29.112,21.321
2018-01-20,21,24.929,
2018-01-22,6,28.908,23.651
2018-01-22,21,23.81,
2018-01-24,6,27.877,23.029
2018-01-24,21,24.38,
2018-01-26,6,30.109,23.975
2018-01-26,21,24.422,
2018-01-28,6,26.171,22.614
2018-01-28,21,23.251,
2018-01-30,6,28.647,21.586
2018-01-30,21,23.574,
2018-02-01,6,29.658,23.543
2018-02-01,21,24.272,
2018-02-03,6,27.624,21.02
2018-02-03,21,23.559,
2018-02-05,6,28.422,21.031
2018-02-05,21,22.145,
2018-02-07,6,27.568,21.541
2018-02-07,21,22.019,
2018-02-09,6,28.747,21.281
2018-02-09,21,23.409,
2018-02-11,6,29.256,23.844
2018-02-11,21,25.288,
2018-02-13,6,26.601,20.706
2018-02-13,21,23.794,
2018-02-15,6,30.105,23.772
2018-02-15,21,24.212,
2018-02-17,6,31.441,23.547
2018-02-17,21,24.442,
2018-02-19,6,30.564,21.749
2018-02-19,21,24.01,
2018-02-21,6,30.674,22.436
2018-02-21,21,25.226,
2018-02-23,6,30.071,21.326
2018-02-23,21,24.388,
2018-02-25,6,29.261,22.348
2018-02-25,21,24.561,
2018-02-27,6,28.93,22.546
2018-02-27,21,24.572,
2018-03-01,6,31.544,23.336
2018-03-01,21,25.504,
2018-03-03,6,31.499,23.481
2018-03-03,21,25.586,
2018-03-05,6,32.096,21.901
2018-03-05,21,25.513,
2018-03-07,6,30.887,22.543
2018-03-07,21,25.174,
2018-03-09,6,27.877,21.88
2018-03-09,21,23.856,
2018-03-11,6,27.814,20.106
2018-03-11,21,23.384,
2018-03-13,6,29.652,21.032
2018-03-13,21,23.726,
2018-03-15,6,30.757,21.669
2018-03-15,21,25.131,
2018-03-17,6,31.333,22.024
2018-03-17,21,24.868,
2018-03-19,6,31.697,21.59
2018-03-19,21,23.766,
2018-03-21,6,31.539,22.449
2018-03-21,21,24.713,
2018-03-23,6,28.281,19.568
2018-03-23,21,24.053,
2018-03-25,6,28.956,19.14
2018-03-25,21,23.541,
2018-03-27,6,29.35,20.74
2018-03-27,21,23.342,
2018-03-29,6,30.004,21.864
2018-03-29,21,24.109,
2018-03-31,6,28.084,20.319
2018-03-31,21,24.198,
2018-04-02,6,30.166,23.342
2018-04-02,21,24.277,
2018-04-04,6,29.99,22.628
2018-04-04,21,25.231,
2018-04-06,6,31.959,21.884
2018-04-06,21,25.19,
2018-04-08,6,29.054,22.171
2018-04-08,21,25.008,
2018-04-10,6,32.179,23.958
2018-04-10,21,25.262,
2018-04-12,6,32.495,23.67
2018-04-12,21,26.349,
2018-04-14,6,32.824,22.85
2018-04-14,21,26.107,
2018-04-16,6,31.642,22.52
2018-04-16,21,25.194,
2018-04-18,6,31.364,22.792
2018-04-18,21,24.613,
2018-04-20,6,32.435,21.968
2018-04-20,21,25.992,
2018-04-22,6,31.794,23.355
2018-04-22,21,25.823,
2018-04-24,6,33.185,24.082
2018-04-24,21,25.941,
2018-04-26,6,32.882,23.451
2018-04-26,21,25.847,
2018-04-28,6,32.894,23.122
2018-04-28,21,26.516,
2018-04-30,6,33.718,23.596
2018-04-30,21,26.572,
2018-05-02,6,34.283,22.622
2018-05-02,21,27.264,
2018-05-04,6,33.506,22.864
2018-05-04,21,26.668,
2018-05-06,6,32.897,23.972
2018-05-06,21,26.203,
2018-05-08,6,34.027,23.145
2018-05-08,21,26.303,
2018-05-10,6,33.342,23.489
2018-05-10,21,26.625,
2018-05-12,6,33.431,24.174
2018-05-12,21,25.638,
2018-05-14,6,33.617,23.794
2018-05-14,21,27.599,
2018-05-16,6,34.249,23.72
2018-05-16,21,26.685,
2018-05-18,6,34.118,22.945
2018-05-18,21,27.035,
2018-05-20,6,32.454,23.579
2018-05-20,21,26.529,
2018-05-22,6,33.556,24.014
2018-05-22,21,26.006,
2018-05-24,6,32.271,24.336
2018-05-24,21,26.7,
2018-05-26,6,33.452,24.729
2018-05-26,21,26.578,
2018-05-28,6,34.99,23.705
2018-05-28,21,27.433,
2018-05-30,6,31.722,23.899
2018-05-30,21,26.965,
2018-06-01,6,33.883,23.744
2018-06-01,21,26.799,
2018-06-03,6,30.08,23.742
2018-06-03,21,26.185,
2018-06-05,6,33.397,24.743
2018-06-05,21,25.648,
2018-06-07,6,29.16,25.905
2018-06-07,21,25.644,
2018-06-09,6,25.797,24.703
2018-06-09,21,24.966,
2018-06-11,6,25.348,24.296
2018-06-11,21,24.759,
2018-06-13,6,26.367,24.505
2018-06-13,21,24.425,
2018-06-15,6,28.773,25.347
2018-06-15,21,24.837,
2018-06-17,6,28.8,25.485
2018-06-17,21,25.263,
2018-06-19,6,30.309,24.847
2018-06-19,21,26.058,
2018-06-21,6,29.866,25.627
2018-06-21,21,24.224,
2018-06-23,6,31.674,24.993
2018-06-23,21,25.091,
2018-06-25,6,29.161,24.653
2018-06-25,21,24.668,
2018-06-27,6,29.464,24.879
2018-06-27,21,24.418,
2018-06-29,6,29.968,25.921
2018-06-29,21,25.653,
2018-07-01,6,28.569,25.95
2018-07-01,21,24.658,
2018-07-03,6,28.164,24.325
2018-07-03,21,24.775,
2018-07-05,6,29.639,25.449
2018-07-05,21,24.954,
2018-07-07,6,28.172,25.327
2018-07-07,21,25.101,
2018-07-09,6,28.301,25.052
2018-07-09,21,24.305,
2018-07-11,6,27.847,25.466
2018-07-11,21,24.79,
2018-07-13,6,28.902,24.481
2018-07-13,21,24.309,
2018-07-15,6,27.865,25.481
2018-07-15,21,24.685,
2018-07-17,6,25.19,24.053
2018-07-17,21,24.606,
2018-07-19,6,27.1,25.307
2018-07-19,21,24.6,
2018-07-21,6,27.534,25.292
2018-07-21,21,24.861,
2018-07-23,6,26.81,24.515
2018-07-23,21,24.635,
2018-07-25,6,27.42,25.017
2018-07-25,21,24.334,
2018-07-27,6,27.137,24.64
2018-07-27,21,24.992,
2018-07-29,6,27.98,24.755
2018-07-29,21,24.831,
2018-07-31,6,28.094,25.116
2018-07-31,21,25.488,
2018-08-02,6,29.09,26.449
2018-08-02,21,24.869,
2018-08-04,6,29.408,25.56
2018-08-04,21,24.444,
2018-08-06,6,28.712,25.087
2018-08-06,21,24.901,
2018-08-08,6,28.118,24.953
2018-08-08,21,25.115,
2018-08-10,6,27.094,25.297
2018-08-10,21,25.716,
2018-08-12,6,25.922,24.487
2018-08-12,21,25.171,
2018-08-14,6,27.709,25.085
2018-08-14,21,25.792,
2018-08-16,6,28.717,25.684
2018-08-16,21,24.781,
2018-08-18,6,27.388,24.803
2018-08-18,21,24.707,
2018-08-20,6,27.096,24.722
2018-08-20,21,25.279,
2018-08-22,6,28.965,26.397
2018-08-22,21,25.742,
2018-08-24,6,29.026,25.601
2018-08-24,21,25.337,
2018-08-26,6,27.713,24.939
2018-08-26,21,24.925,
2018-08-28,6,30.819,23.452
2018-08-28,21,24.555,
2018-08-30,6,30.914,24.083
2018-08-30,21,24.88,
2018-09-01,6,30.083,24.913
2018-09-01,21,25.091,
2018-09-03,6,29.483,25.738
2018-09-03,21,24.13,
2018-09-05,6,29.282,24.998
2018-09-05,21,24.66,
2018-09-07,6,26.802,24.995
2018-09-07,21,24.328,
2018-09-09,6,29.484,25.028
2018-09-09,21,25.0,
2018-09-11,6,28.645,25.601
2018-09-11,21,24.729,
2018-09-13,6,30.665,24.981
2018-09-13,21,25.617,
2018-09-15,6,26.261,24.57
2018-09-15,21,24.907,
2018-09-17,6,29.902,24.753
2018-09-17,21,25.344,
2018-09-19,6,29.579,24.91
2018-09-19,21,25.877,
2018-09-21,6,30.419,25.098
2018-09-21,21,24.67,
2018-09-23,6,31.576,24.335
2018-09-23,21,25.452,
2018-09-25,6,29.282,24.509
2018-09-25,21,25.164,
2018-09-27,6,29.802,25.474
2018-09-27,21,25.412,
2018-09-29,6,30.377,24.504
2018-09-29,21,25.387,
2018-10-01,6,30.6,25.247
2018-10-01,21,25.208,
2018-10-03,6,30.593,23.544
2018-10-03,21,24.132,
2018-10-05,6,30.107,23.47
2018-10-05,21,24.089,
2018-10-07,6,31.038,24.939
2018-10-07,21,25.213,
2018-10-09,6,31.673,24.312
2018-10-09,21,25.216,
2018-10-11,6,31.529,24.724
2018-10-11,21,26.249,
2018-10-13,6,32.497,23.978
2018-10-13,21,26.456,
2018-10-15,6,30.436,24.759
2018-10-15,21,24.815,
2018-10-17,6,31.297,24.323
2018-10-17,21,24.85,
2018-10-19,6,31.342,23.382
2018-10-19,21,25.537,
2018-10-21,6,29.413,23.437
2018-10-21,21,26.033,
2018-10-23,6,31.111,22.374
2018-10-23,21,25.023,
2018-10-25,6,31.194,23.185
2018-10-25,21,25.095,
2018-10-27,6,31.263,22.426
2018-10-27,21,25.893,
2018-10-29,6,28.611,20.377
2018-10-29,21,24.792,
2018-10-31,6,29.994,24.867
2018-10-31,21,24.992,
2018-11-02,6,31.453,24.012
2018-11-02,21,25.895,
2018-11-04,6,31.561,23.484
2018-11-04,21,25.945,
2018-11-06,6,30.756,24.115
2018-11-06,21,25.723,
2018-11-08,6,29.778,21.898
2018-11-08,21,25.37,
2018-11-10,6,29.02,21.887
2018-11-10,21,25.3,
2018-11-12,6,30.615,21.914
2018-11-12,21,25.208,
2018-11-14,6,31.936,22.069
2018-11-14,21,25.494,
2018-11-16,6,30.819,22.491
2018-11-16,21,24.424,
2018-11-18,6,30.35,23.027
2018-11-18,21,24.693,
2018-11-20,6,28.503,22.44
2018-11-20,21,25.767,
2018-11-22,6,30.005,23.838
2018-11-22,21,25.149,
2018-11-24,6,30.058,23.022
2018-11-24,21,24.675,
2018-11-26,6,31.006,22.198
2018-11-26,21,24.219,
2018-11-28,6,29.63,23.379
2018-11-28,21,25.321,
2018-11-30,6,28.598,21.813
2018-11-30,21,24.911,
2018-12-02,6,29.484,22.803
2018-12-02,21,24.669,
2018-12-04,6,28.822,22.872
2018-12-04,21,25.399,
2018-12-06,6,30.98,23.066
2018-12-06,21,25.042,
2018-12-08,6,30.694,21.578
2018-12-08,21,25.478,
2018-12-10,6,30.254,22.344
2018-12-10,21,25.199,
2018-12-12,6,29.772,21.904
2018-12-12,21,25.676,
2018-12-14,6,27.623,22.577
2018-12-14,21,24.789,
2018-12-16,6,28.312,22.655
2018-12-16,21,24.601,
2018-12-18,6,28.826,21.433
2018-12-18,21,24.613,
2018-12-20,6,27.957,21.205
2018-12-20,21,24.079,
2018-12-22,6,29.152,22.956
2018-12-22,21,25.052,
2018-12-24,6,26.814,23.256
2018-12-24,21,24.576,
2018-12-26,6,29.439,23.84
2018-12-26,21,23.528,
2018-12-28,6,25.603,23.033
2018-12-28,21,24.035,
2018-12-30,6,25.888,23.38
2018-12-30,21,23.926,
2019-01-01,6,26.689,22.828
2019-01-01,21,23.918,
2019-01-03,6,28.669,23.368
2019-01-03,21,24.56,
2019-01-05,6,29.307,21.412
2019-01-05,21,23.693,
2019-01-07,6,27.624,21.577
2019-01-07,21,23.028,
2019-01-09,6,27.843,21.866
2019-01-09,21,24.052,
2019-01-11,6,29.488,21.277
2019-01-11,21,24.097,
2019-01-13,6,27.16,21.881
2019-01-13,21,23.8,
2019-01-15,6,29.104,19.98
2019-01-15,21,23.159,
2019-01-17,6,27.945,19.474
2019-01-17,21,23.213,
2019-01-19,6,28.344,21.256
2019-01-19,21,24.037,
2019-01-21,6,27.754,20.67
2019-01-21,21,24.06,
2019-01-23,6,27.635,21.138
2019-01-23,21,23.895,
2019-01-25,6,27.416,21.066
2019-01-25,21,23.215,
2019-01-27,6,26.007,19.364
2019-01-27,21,21.773,
2019-01-29,6,26.263,18.249
2019-01-29,21,22.281,
2019-01-31,6,27.404,21.718
2019-01-31,21,22.566,
2019-02-02,6,27.79,20.576
2019-02-02,21,22.269,
2019-02-04,6,29.187,20.666
2019-02-04,21,22.122,
2019-02-06,6,28.947,20.511
2019-02-06,21,21.208,
2019-02-08,6,30.073,20.527
2019-02-08,21,22.413,
2019-02-10,6,28.307,22.363
2019-02-10,21,24.137,
2019-02-12,6,28.398,20.566
2019-02-12,21,23.702,
2019-02-14,6,28.849,19.74
2019-02-14,21,22.41,
2019-02-16,6,29.688,20.28
2019-02-16,21,22.172,
2019-02-18,6,29.581,20.002
2019-02-18,21,22.611,
2019-02-20,6,29.486,19.655
2019-02-20,21,21.981,
2019-02-22,6,29.063,21.012
2019-02-22,21,22.879,
2019-02-24,6,30.082,19.442
2019-02-24,21,21.966,
2019-02-26,6,29.141,20.195
2019-02-26,21,22.633,
2019-02-28,6,29.509,20.059
2019-02-28,21,22.253,
2019-03-02,6,29.619,18.421
2019-03-02,21,21.651,
2019-03-04,6,30.901,21.754
2019-03-04,21,25.025,
2019-03-06,6,30.84,22.185
2019-03-06,21,24.287,
2019-03-08,6,30.763,21.091
2019-03-08,21,23.462,
2019-03-10,6,31.06,20.192
2019-03-10,21,22.958,
2019-03-12,6,31.178,22.195
2019-03-12,21,24.486,
2019-03-14,6,31.007,22.15
2019-03-14,21,24.637,
2019-03-16,6,29.939,21.763
2019-03-16,21,24.014,
2019-03-18,6,31.171,20.95
2019-03-18,21,24.336,
2019-03-20,6,31.486,21.043
2019-03-20,21,23.984,
2019-03-22,6,31.269,21.492
2019-03-22,21,24.726,
2019-03-24,6,30.708,18.974
2019-03-24,21,24.093,
2019-03-26,6,30.919,19.933
2019-03-26,21,25.885,
2019-03-28,6,31.232,23.043
2019-03-28,21,25.036,
2019-03-30,6,32.127,22.357
2019-03-30,21,23.912,
2019-04-01,6,31.193,21.946
2019-04-01,21,24.581,
2019-04-03,6,31.907,20.934
2019-04-03,21,24.664,
2019-04-05,6,32.586,22.114
2019-04-05,21,25.4,
2019-04-07,6,33.217,22.946
2019-04-07,21,26.546,
2019-04-09,6,32.878,23.759
2019-04-09,21,26.555,
2019-04-11,6,31.684,23.915
2019-04-11,21,26.252,
2019-04-13,6,33.63,24.539
2019-04-13,21,26.413,
2019-04-15,6,32.546,21.77
2019-04-15,21,25.759,
2019-04-17,6,33.864,22.021
2019-04-17,21,26.433,
2019-04-19,6,34.098,22.299
2019-04-19,21,26.45,
2019-04-21,6,34.098,23.082
2019-04-21,21,27.259,
2019-04-23,6,33.392,19.509
2019-04-23,21,26.418,
2019-04-25,6,34.517,18.101
2019-04-25,21,25.925,
2019-04-27,6,33.209,21.339
2019-04-27,21,24.993,
2019-04-29,6,33.398,23.227
2019-04-29,21,25.835,
2019-05-01,6,33.431,23.683
2019-05-01,21,26.662,
2019-05-03,6,32.033,23.887
2019-05-03,21,25.806,
2019-05-05,6,30.5,24.693
2019-05-05,21,25.863,
2019-05-07,6,27.566,25.77
2019-05-07,21,25.602,
2019-05-09,6,30.146,25.698
2019-05-09,21,25.138,
2019-05-11,6,28.847,25.411
2019-05-11,21,25.098,
2019-05-13,6,33.07,25.467
2019-05-13,21,26.273,
2019-05-15,6,32.361,25.168
2019-05-15,21,26.002,
2019-05-17,6,31.65,25.872
2019-05-17,21,26.587,
2019-05-19,6,32.654,25.682
2019-05-19,21,26.91,
2019-05-21,6,32.169,25.847
2019-05-21,21,25.803,
2019-05-23,6,32.355,25.09
2019-05-23,21,26.204,
2019-05-25,6,31.18,25.305
2019-05-25,21,25.878,
2019-05-27,6,30.909,24.941
2019-05-27,21,25.23,
2019-05-29,6,31.578,25.005
2019-05-29,21,25.896,
2019-05-31,6,33.301,25.594
2019-05-31,21,27.008,
2019-06-02,6,34.548,24.203
2019-06-02,21,27.294,
2019-06-04,6,33.688,24.932
2019-06-04,21,26.851,
2019-06-06,6,33.586,23.765
2019-06-06,21,27.298,
2019-06-08,6,33.866,25.228
2019-06-08,21,26.803,
2019-06-10,6,29.748,25.219
2019-06-10,21,26.441,
2019-06-12,6,32.453,25.212
2019-06-12,21,25.84,
2019-06-14,6,30.574,25.448
2019-06-14,21,25.724,
2019-06-16,6,30.988,26.051
2019-06-16,21,26.015,
2019-06-18,6,33.153,25.28
2019-06-18,21,26.859,
2019-06-20,6,33.521,25.95
2019-06-20,21,26.941,
2019-06-22,6,33.436,25.263
2019-06-22,21,26.193,
2019-06-24,6,29.715,25.231
2019-06-24,21,24.878,
2019-06-26,6,29.597,25.844
2019-06-26,21,24.965,
2019-06-28,6,27.206,25.2
2019-06-28,21,25.185,
2019-06-30,6,29.661,26.788
2019-06-30,21,25.424,
2019-07-02,6,29.378,25.144
2019-07-02,21,25.503,
2019-07-04,6,31.718,24.439
2019-07-04,21,25.855,
2019-07-06,6,30.789,25.041
2019-07-06,21,25.173,
2019-07-08,6,31.389,24.761
2019-07-08,21,25.486,
2019-07-10,6,29.618,25.217
2019-07-10,21,25.207,
2019-07-12,6,32.249,25.197
2019-07-12,21,25.593,
2019-07-14,6,29.247,25.204
2019-07-14,21,24.995,
2019-07-16,6,27.69,25.114
2019-07-16,21,24.49,
2019-07-18,6,27.827,25.274
2019-07-18,21,25.368,
2019-07-20,6,30.676,26.305
2019-07-20,21,25.707,
2019-07-22,6,29.917,25.524
2019-07-22,21,25.403,
2019-07-24,6,30.602,25.84
2019-07-24,21,25.425,
2019-07-26,6,29.405,25.738
2019-07-26,21,25.277,
2019-07-28,6,27.221,25.193
2019-07-28,21,24.29,
2019-07-30,6,28.062,24.947
2019-07-30,21,24.025,
2019-08-01,6,28.41,24.934
2019-08-01,21,24.707,
2019-08-03,6,25.447,24.009
2019-08-03,21,24.694,
2019-08-05,6,28.201,25.708
2019-08-05,21,25.237,
2019-08-07,6,27.173,24.956
2019-08-07,21,25.713,
2019-08-09,6,26.179,24.557
2019-08-09,21,25.57,
2019-08-11,6,28.783,24.827
2019-08-11,21,26.296,
2019-08-13,6,28.991,25.947
2019-08-13,21,26.085,
2019-08-15,6,29.783,25.551
2019-08-15,21,26.104,
2019-08-17,6,30.093,25.574
2019-08-17,21,26.144,
2019-08-19,6,28.573,25.341
2019-08-19,21,26.349,
2019-08-21,6,29.413,25.369
2019-08-21,21,24.579,
2019-08-23,6,26.771,24.71
2019-08-23,21,25.185,
2019-08-25,6,28.382,26.198
2019-08-25,21,24.645,
2019-08-27,6,26.675,24.027
2019-08-27,21,24.677,
2019-08-29,6,28.442,24.724
2019-08-29,21,24.672,
2019-08-31,6,27.909,24.668
2019-08-31,21,24.036,
2019-09-02,6,27.208,24.277
2019-09-02,21,24.749,
2019-09-04,6,30.185,24.58
2019-09-04,21,26.658,
2019-09-06,6,29.959,26.068
2019-09-06,21,25.69,
2019-09-08,6,27.306,24.638
2019-09-08,21,25.293,
2019-09-10,6,27.806,23.883
2019-09-10,21,24.799,
2019-09-12,6,25.488,23.594
2019-09-12,21,24.299,
2019-09-14,6,28.215,25.13
2019-09-14,21,24.866,
2019-09-16,6,26.494,24.6
2019-09-16,21,24.773,
2019-09-18,6,25.816,24.279
2019-09-18,21,24.876,
2019-09-20,6,26.399,24.121
2019-09-20,21,24.394,
2019-09-22,6,29.566,24.285
2019-09-22,21,24.09,
2019-09-24,6,31.074,25.43
2019-09-24,21,25.413,
2019-09-26,6,31.756,25.233
2019-09-26,21,25.604,
2019-09-28,6,31.724,25.496
2019-09-28,21,26.242,
2019-09-30,6,29.256,26.649
2019-09-30,21,25.431,
2019-10-02,6,30.558,25.029
2019-10-02,21,23.7,
2019-10-04,6,28.635,23.428
2019-10-04,21,24.034,
2019-10-06,6,31.048,25.104
2019-10-06,21,25.907,
2019-10-08,6,31.328,23.342
2019-10-08,21,25.932,
2019-10-10,6,31.708,23.834
2019-10-10,21,25.282,
2019-10-12,6,31.207,24.28
2019-10-12,21,25.159,
2019-10-14,6,30.862,23.4
2019-10-14,21,25.19,
2019-10-16,6,30.986,22.96
2019-10-16,21,25.385,
2019-10-18,6,32.043,23.043
2019-10-18,21,25.849,
2019-10-20,6,31.247,24.28
2019-10-20,21,25.444,
2019-10-22,6,31.074,23.976
2019-10-22,21,25.155,
2019-10-24,6,32.169,23.046
2019-10-24,21,25.973,
2019-10-26,6,30.621,22.535
2019-10-26,21,25.691,
2019-10-28,6,27.982,23.71
2019-10-28,21,25.75,
2019-10-30,6,29.779,23.545
2019-10-30,21,25.472,
2019-11-01,6,28.424,24.067
2019-11-01,21,24.974,
2019-11-03,6,30.577,25.287
2019-11-03,21,25.399,
2019-11-05,6,29.055,25.136
2019-11-05,21,25.392,
2019-11-07,6,28.757,24.205
2019-11-07,21,25.078,
2019-11-09,6,29.761,24.974
2019-11-09,21,24.806,
2019-11-11,6,29.268,23.769
2019-11-11,21,25.432,
2019-11-13,6,28.659,22.021
2019-11-13,21,24.727,
2019-11-15,6,30.079,24.167
2019-11-15,21,25.279,
2019-11-17,6,29.81,24.42
2019-11-17,21,25.609,
2019-11-19,6,30.84,24.6
2019-11-19,21,25.224,
2019-11-21,6,29.363,24.868
2019-11-21,21,25.64,
2019-11-23,6,28.848,24.244
2019-11-23,21,25.491,
2019-11-25,6,28.62,23.381
2019-11-25,21,25.878,
2019-11-27,6,30.055,24.336
2019-11-27,21,25.658,
2019-11-29,6,28.567,21.647
2019-11-29,21,23.856,
2019-12-01,6,29.11,20.724
2019-12-01,21,24.257,
2019-12-03,6,24.44,22.374
2019-12-03,21,25.254,
2019-12-05,6,29.492,24.895
2019-12-05,21,24.963,
2019-12-07,6,29.841,23.252
2019-12-07,21,24.492,
2019-12-09,6,28.202,21.293
2019-12-09,21,23.845,
2019-12-11,6,28.829,22.732
2019-12-11,21,25.182,
2019-12-13,6,29.708,22.997
2019-12-13,21,24.696,
2019-12-15,6,29.569,23.662
2019-12-15,21,25.451,
2019-12-17,6,30.274,22.725
2019-12-17,21,24.357,
2019-12-19,6,28.976,23.201
2019-12-19,21,24.437,
2019-12-21,6,29.508,23.001
2019-12-21,21,24.201,
2019-12-23,6,28.81,23.391
2019-12-23,21,23.895,
2019-12-25,6,25.933,23.274
2019-12-25,21,24.852,
2019-12-27,6,30.803,25.08
2019-12-27,21,25.406,
2019-12-29,6,29.283,22.538
2019-12-29,21,24.43,
2019-12-31,6,29.112,22.656
2019-12-31,21,25.228,
2020-01-02,6,28.8,22.756
2020-01-02,21,24.594,
2020-01-04,6,28.731,21.928
2020-01-04,21,24.013,
2020-01-06,6,28.851,21.102
2020-01-06,21,24.46,
2020-01-08,6,28.24,23.016
2020-01-08,21,24.088,
2020-01-10,6,28.414,22.546
2020-01-10,21,23.26,
2020-01-12,6,29.368,22.685
2020-01-12,21,23.942,
2020-01-14,6,28.32,22.314
2020-01-14,21,24.27,
2020-01-16,6,29.744,22.659
2020-01-16,21,24.543,
2020-01-18,6,29.503,22.971
2020-01-18,21,24.159,
2020-01-20,6,28.248,22.119
2020-01-20,21,23.696,
2020-01-22,6,29.235,20.66
2020-01-22,21,24.034,
2020-01-24,6,26.558,22.658
2020-01-24,21,23.646,
2020-01-26,6,30.227,23.599
2020-01-26,21,23.772,
2020-01-28,6,30.278,20.97
2020-01-28,21,22.299,
2020-01-30,6,28.761,21.212
2020-01-30,21,22.521,
2020-02-01,6,27.561,19.472
2020-02-01,21,21.899,
2020-02-03,6,25.924,19.52
2020-02-03,21,21.286,
2020-02-05,6,29.348,20.732
2020-02-05,21,24.387,
2020-02-07,6,27.716,23.668
2020-02-07,21,24.297,
2020-02-09,6,26.309,20.744
2020-02-09,21,23.203,
2020-02-11,6,28.426,19.533
2020-02-11,21,22.136,
2020-02-13,6,27.209,20.949
2020-02-13,21,23.105,
2020-02-15,6,30.42,22.186
2020-02-15,21,22.802,
2020-02-17,6,29.358,21.438
2020-02-17,21,24.248,
2020-02-19,6,28.436,19.605
2020-02-19,21,22.576,
2020-02-21,6,28.348,20.723
2020-02-21,21,23.104,
2020-02-23,6,28.293,20.971
2020-02-23,21,24.15,
2020-02-25,6,29.566,21.029
2020-02-25,21,23.427,
2020-02-27,6,29.235,20.312
2020-02-27,21,23.948,
2020-02-29,6,30.537,21.357
2020-02-29,21,23.653,
2020-03-02,6,30.287,20.537
2020-03-02,21,24.204,
2020-03-04,6,29.122,21.72
2020-03-04,21,23.655,
2020-03-06,6,30.112,22.576
2020-03-06,21,24.605,
2020-03-08,6,32.465,24.14
2020-03-08,21,25.628,
2020-03-10,6,32.157,24.494
2020-03-10,21,25.691,
2020-03-12,6,31.074,21.666
2020-03-12,21,24.731,
2020-03-14,6,32.515,21.349
2020-03-14,21,24.908,
2020-03-16,6,28.121,21.697
2020-03-16,21,24.858,
2020-03-18,6,31.179,21.622
2020-03-18,21,23.718,
2020-03-20,6,31.995,23.312
2020-03-20,21,25.104,
2020-03-22,6,32.765,22.786
2020-03-22,21,25.511,
2020-03-24,6,32.289,22.498
2020-03-24,21,25.065,
2020-03-26,6,31.926,20.243
2020-03-26,21,25.219,
2020-03-28,6,32.671,22.149
2020-03-28,21,25.657,
2020-03-30,6,31.467,23.487
2020-03-30,21,24.815,
2020-04-01,6,33.213,23.587
2020-04-01,21,26.132,
2020-04-03,6,32.482,21.366
2020-04-03,21,24.984,
2020-04-05,6,32.718,20.274
2020-04-05,21,25.024,
2020-04-07,6,32.829,22.393
2020-04-07,21,25.622,
2020-04-09,6,31.624,24.248
2020-04-09,21,25.268,
2020-04-11,6,31.642,24.125
2020-04-11,21,26.013,
2020-04-13,6,31.292,24.928
2020-04-13,21,25.103,
2020-04-15,6,31.49,23.847
2020-04-15,21,25.232,
2020-04-17,6,31.925,24.146
2020-04-17,21,26.588,
2020-04-19,6,32.68,24.113
2020-04-19,21,26.023,
2020-04-21,6,33.455,23.648
2020-04-21,21,26.701,
2020-04-23,6,32.802,24.76
2020-04-23,21,26.641,
2020-04-25,6,32.99,23.808
2020-04-25,21,26.693,
2020-04-27,6,32.59,24.161
2020-04-27,21,25.788,
2020-04-29,6,32.107,23.503
2020-04-29,21,26.292,
2020-05-01,6,33.41,24.009
2020-05-01,21,26.211,
2020-05-03,6,30.846,24.516
2020-05-03,21,27.171,
2020-05-05,6,34.836,24.914
2020-05-05,21,27.574,
2020-05-07,6,34.276,24.917
2020-05-07,21,27.436,
2020-05-09,6,34.093,25.265
2020-05-09,21,26.506,
2020-05-11,6,33.991,24.431
2020-05-11,21,27.274,
2020-05-13,6,33.482,25.479
2020-05-13,21,27.19,
2020-05-15,6,26.247,24.354
2020-05-15,21,24.692,
2020-05-17,6,32.183,25.621
2020-05-17,21,26.725,
2020-05-19,6,29.931,24.968
2020-05-19,21,26.247,
2020-05-21,6,31.919,25.599
2020-05-21,21,27.258,
2020-05-23,6,30.678,27.585
2020-05-23,21,25.619,
2020-05-25,6,31.862,25.302
2020-05-25,21,27.109,
2020-05-27,6,32.488,26.042
2020-05-27,21,26.312,
2020-05-29,6,33.341,25.88
2020-05-29,21,25.722,
2020-05-31,6,33.457,22.977
2020-05-31,21,26.858,
2020-06-02,6,33.165,24.329
2020-06-02,21,26.362,
2020-06-04,6,33.416,25.303
2020-06-04,21,26.989,
2020-06-06,6,33.754,24.18
2020-06-06,21,27.387,
2020-06-08,6,32.698,24.891
2020-06-08,21,26.521,
2020-06-10,6,29.964,24.625
2020-06-10,21,25.817,
2020-06-12,6,27.058,25.047
2020-06-12,21,25.241,
2020-06-14,6,32.491,24.889
2020-06-14,21,26.271,
2020-06-16,6,32.594,24.888
2020-06-16,21,26.292,
2020-06-18,6,32.783,26.062
2020-06-18,21,26.35,
2020-06-20,6,30.223,25.102
2020-06-20,21,25.67,
2020-06-22,6,33.083,25.845
2020-06-22,21,26.475,
2020-06-24,6,32.714,25.731
2020-06-24,21,26.257,
2020-06-26,6,31.804,25.113
2020-06-26,21,25.88,
2020-06-28,6,28.742,24.775
2020-06-28,21,24.983,
2020-06-30,6,30.595,24.531
2020-06-30,21,25.181,
2020-07-02,6,31.713,25.049
2020-07-02,21,26.07,
2020-07-04,6,30.71,25.006
2020-07-04,21,24.87,
2020-07-06,6,32.171,25.329
2020-07-06,21,25.8,
2020-07-08,6,30.918,26.095
2020-07-08,21,26.173,
2020-07-10,6,32.479,25.444
2020-07-10,21,25.87,
2020-07-12,6,29.715,25.395
2020-07-12,21,25.892,
2020-07-14,6,31.662,25.008
2020-07-14,21,25.943,
2020-07-16,6,32.391,24.393
2020-07-16,21,26.893,
2020-07-18,6,33.126,24.786
2020-07-18,21,26.11,
2020-07-20,6,30.748,24.424
2020-07-20,21,26.054,
2020-07-22,6,31.418,25.419
2020-07-22,21,26.25,
2020-07-24,6,30.826,25.394
2020-07-24,21,25.554,
2020-07-26,6,32.619,25.108
2020-07-26,21,25.42,
2020-07-28,6,29.717,25.159
2020-07-28,21,25.121,
2020-07-30,6,28.309,25.581
2020-07-30,21,25.432,
2020-08-01,6,27.353,24.95
2020-08-01,21,25.025,
2020-08-03,6,30.996,24.984
2020-08-03,21,25.668,
2020-08-05,6,30.779,24.734
2020-08-05,21,26.229,
2020-08-07,6,27.059,24.704
2020-08-07,21,24.546,
2020-08-09,6,26.681,24.787
2020-08-09,21,24.679,
2020-08-11,6,30.815,25.004
2020-08-11,21,25.574,
2020-08-13,6,30.496,25.231
2020-08-13,21,24.712,
2020-08-15,6,29.261,25.16
2020-08-15,21,24.437,
2020-08-17,6,29.158,25.249
2020-08-17,21,25.45,
2020-08-19,6,29.606,25.583
2020-08-19,21,24.497,
2020-08-21,6,28.886,24.931
2020-08-21,21,24.988,
2020-08-23,6,31.123,25.514
2020-08-23,21,25.38,
2020-08-25,6,31.418,25.328
2020-08-25,21,26.282,
2020-08-27,6,31.328,24.701
2020-08-27,21,25.545,
2020-08-29,6,30.16,25.521
2020-08-29,21,26.506,
2020-08-31,6,29.181,25.933
2020-08-31,21,24.936,
2020-09-02,6,30.769,26.393
2020-09-02,21,25.776,
2020-09-04,6,32.564,25.785
2020-09-04,21,26.443,
2020-09-06,6,30.115,26.336
2020-09-06,21,25.865,
2020-09-08,6,32.715,24.925
2020-09-08,21,26.223,
2020-09-10,6,31.635,25.038
2020-09-10,21,25.472,
2020-09-12,6,28.762,24.479
2020-09-12,21,24.868,
2020-09-14,6,30.12,25.632
2020-09-14,21,25.694,
2020-09-16,6,28.69,24.618
2020-09-16,21,26.127,
2020-09-18,6,29.339,25.179
2020-09-18,21,25.395,
2020-09-20,6,32.057,25.593
2020-09-20,21,25.572,
2020-09-22,6,30.89,25.186
2020-09-22,21,25.202,
2020-09-24,6,30.252,26.48
2020-09-24,21,25.398,
2020-09-26,6,30.172,25.572
2020-09-26,21,25.245,
2020-09-28,6,31.355,25.276
2020-09-28,21,24.876,
2020-09-30,6,31.456,25.904
2020-09-30,21,26.191,
2020-10-02,6,30.29,24.91
2020-10-02,21,25.423,
2020-10-04,6,31.02,25.204
2020-10-04,21,25.718,
2020-10-06,6,30.216,25.086
2020-10-06,21,25.832,
2020-10-08,6,27.929,24.081
2020-10-08,21,25.043,
2020-10-10,6,28.871,24.808
2020-10-10,21,24.696,
2020-10-12,6,28.268,25.17
2020-10-12,21,25.019,
2020-10-14,6,26.664,24.147
2020-10-14,21,25.023,
2020-10-16,6,30.831,25.507
2020-10-16,21,24.979,
2020-10-18,6,27.883,24.482
2020-10-18,21,25.001,
2020-10-20,6,25.168,24.088
2020-10-20,21,25.051,
2020-10-22,6,29.455,25.873
2020-10-22,21,25.125,
2020-10-24,6,28.894,25.679
2020-10-24,21,24.991,
2020-10-26,6,26.654,24.027
2020-10-26,21,25.103,
2020-10-28,6,31.007,24.946
2020-10-28,21,24.184,
2020-10-30,6,30.374,24.855
2020-10-30,21,26.291,
2020-11-01,6,23.904,22.337
2020-11-01,21,24.369,
2020-11-03,6,30.019,24.785
2020-11-03,21,24.812,
2020-11-05,6,29.449,24.848
2020-11-05,21,24.705,
2020-11-07,6,28.328,24.236
2020-11-07,21,24.606,
2020-11-09,6,28.987,24.999
2020-11-09,21,25.078,
2020-11-11,6,25.797,23.969
2020-11-11,21,24.64,
2020-11-13,6,31.0,25.079
2020-11-13,21,25.683,
2020-11-15,6,30.19,24.473
2020-11-15,21,25.468,
2020-11-17,6,30.774,24.164
2020-11-17,21,25.249,
2020-11-19,6,31.095,23.948
2020-11-19,21,25.19,
2020-11-21,6,31.143,23.15
2020-11-21,21,24.996,
2020-11-23,6,28.537,22.378
2020-11-23,21,25.146,
2020-11-25,6,28.75,22.326
2020-11-25,21,24.383,
2020-11-27,6,27.861,24.284
2020-11-27,21,25.547,
2020-11-29,6,27.144,23.243
2020-11-29,21,24.552,
2020-12-01,6,29.643,21.273
2020-12-01,21,24.209,
2020-12-03,6,28.437,24.967
2020-12-03,21,24.865,
2020-12-05,6,29.792,24.764
2020-12-05,21,25.135,
2020-12-07,6,27.519,24.314
2020-12-07,21,25.33,
2020-12-09,6,30.039,24.265
2020-12-09,21,24.953,
2020-12-11,6,30.78,25.309
2020-12-11,21,25.388,
2020-12-13,6,29.558,24.644
2020-12-13,21,24.759,
2020-12-15,6,29.527,23.476
2020-12-15,21,25.173,
2020-12-17,6,27.312,22.777
2020-12-17,21,24.683,
2020-12-19,6,25.153,23.342
2020-12-19,21,24.377,
2020-12-21,6,28.036,23.791
2020-12-21,21,24.611,
2020-12-23,6,31.04,24.041
2020-12-23,21,24.697,
2020-12-25,6,30.318,23.477
2020-12-25,21,25.785,
2020-12-27,6,24.786,23.399
2020-12-27,21,23.377,
2020-12-29,6,30.551,25.446
2020-12-29,21,24.635,
2020-12-31,6,26.416,20.134
2020-12-31,21,23.249,
2021-01-02,6,27.751,21.692
2021-01-02,21,24.551,
2021-01-04,6,29.393,23.243
2021-01-04,21,24.668,
2021-01-06,6,30.095,22.967
2021-01-06,21,24.268,
2021-01-08,6,28.166,22.269
2021-01-08,21,24.232,
2021-01-10,6,26.307,20.589
2021-01-10,21,22.938,
2021-01-12,6,26.995,18.869
2021-01-12,21,22.58,
2021-01-14,6,28.03,22.094
2021-01-14,21,24.132,
2021-01-16,6,28.101,21.441
2021-01-16,21,24.303,
2021-01-18,6,27.072,21.887
2021-01-18,21,24.144,
2021-01-20,6,26.443,23.877
2021-01-20,21,24.116,
2021-01-22,6,28.997,24.516
2021-01-22,21,24.855,
2021-01-24,6,30.253,24.811
2021-01-24,21,24.731,
2021-01-26,6,29.017,23.208
2021-01-26,21,24.952,
2021-01-28,6,28.271,22.803
2021-01-28,21,23.564,
2021-01-30,6,26.341,18.788
2021-01-30,21,22.419,
2021-02-01,6,27.766,20.507
2021-02-01,21,23.153,
2021-02-03,6,29.086,21.24
2021-02-03,21,23.621,
2021-02-05,6,27.891,22.055
2021-02-05,21,24.091,
2021-02-07,6,30.515,22.597
2021-02-07,21,24.874,
2021-02-09,6,25.955,23.083
2021-02-09,21,23.617,
2021-02-11,6,28.508,23.68
2021-02-11,21,24.24,
2021-02-13,6,27.323,23.053
2021-02-13,21,23.728,
2021-02-15,6,27.959,23.188
2021-02-15,21,23.585,
2021-02-17,6,29.066,21.342
2021-02-17,21,23.578,
2021-02-19,6,26.394,18.554
2021-02-19,21,21.376,
2021-02-21,6,26.288,19.935
2021-02-21,21,23.311,
2021-02-23,6,28.713,24.626
2021-02-23,21,24.446,
2021-02-25,6,31.157,22.102
2021-02-25,21,23.525,
2021-02-27,6,30.977,24.367
2021-02-27,21,25.185,
2021-03-01,6,30.703,24.638
2021-03-01,21,24.188,
2021-03-03,6,29.831,23.141
2021-03-03,21,25.531,
2021-03-05,6,31.132,22.651
2021-03-05,21,24.077,
2021-03-07,6,30.922,21.667
2021-03-07,21,24.189,
2021-03-09,6,29.251,21.816
2021-03-09,21,23.333,
2021-03-11,6,30.435,21.025
2021-03-11,21,24.711,
2021-03-13,6,27.048,22.94
2021-03-13,21,24.649,
2021-03-15,6,28.514,23.317
2021-03-15,21,24.328,
2021-03-17,6,31.718,24.416
2021-03-17,21,25.603,
2021-03-19,6,31.489,24.267
2021-03-19,21,25.422,
2021-03-21,6,30.754,24.713
2021-03-21,21,25.764,
2021-03-23,6,29.401,22.459
2021-03-23,21,24.667,
2021-03-25,6,31.91,22.691
2021-03-25,21,25.398,
2021-03-27,6,32.085,23.093
2021-03-27,21,25.322,
2021-03-29,6,32.437,22.817
2021-03-29,21,25.188,
2021-03-31,6,32.306,22.758
2021-03-31,21,25.694,
2021-04-02,6,32.145,21.074
2021-04-02,21,23.784,
2021-04-04,6,32.131,22.766
2021-04-04,21,25.473,
2021-04-06,6,31.589,22.628
2021-04-06,21,25.219,
2021-04-08,6,30.88,22.364
2021-04-08,21,25.203,
2021-04-10,6,31.243,21.504
2021-04-10,21,24.555,
2021-04-12,6,31.515,22.891
2021-04-12,21,24.873,
2021-04-14,6,32.601,23.989
2021-04-14,21,25.631,
2021-04-16,6,33.07,22.026
2021-04-16,21,24.804,
2021-04-18,6,31.764,21.313
2021-04-18,21,24.732,
2021-04-20,6,30.816,23.651
2021-04-20,21,26.028,
2021-04-22,6,30.972,24.764
2021-04-22,21,25.739,
2021-04-24,6,31.249,22.542
2021-04-24,21,25.265,
2021-04-26,6,29.142,23.088
2021-04-26,21,24.683,
2021-04-28,6,31.064,22.765
2021-04-28,21,24.536,
2021-04-30,6,32.386,24.01
2021-04-30,21,24.99,
2021-05-02,6,33.39,22.142
2021-05-02,21,25.968,
2021-05-04,6,32.058,23.683
2021-05-04,21,26.601,
2021-05-06,6,32.408,23.493
2021-05-06,21,26.787,
2021-05-08,6,33.327,24.105
2021-05-08,21,26.811,
2021-05-10,6,32.981,23.871
2021-05-10,21,27.242,
2021-05-12,6,33.876,23.875
2021-05-12,21,27.31,
2021-05-14,6,33.96,23.155
2021-05-14,21,27.199,
2021-05-16,6,34.012,23.524
2021-05-16,21,27.244,
2021-05-18,6,32.802,23.748
2021-05-18,21,27.354,
2021-05-20,6,33.519,23.956
2021-05-20,21,26.511,
2021-05-22,6,33.041,24.541
2021-05-22,21,26.018,
2021-05-24,6,32.774,23.099
2021-05-24,21,25.802,
2021-05-26,6,33.956,23.036
2021-05-26,21,27.083,
2021-05-28,6,34.171,24.695
2021-05-28,21,26.953,
2021-05-30,6,31.549,25.421
2021-05-30,21,26.733,
2021-06-01,6,34.425,24.827
2021-06-01,21,27.068,
2021-06-03,6,29.291,25.47
2021-06-03,21,25.777,
2021-06-05,6,31.054,26.504
2021-06-05,21,25.771,
2021-06-07,6,29.629,25.055
2021-06-07,21,25.605,
2021-06-09,6,27.89,24.194
2021-06-09,21,24.515,
2021-06-11,6,28.572,25.141
2021-06-11,21,25.355,
2021-06-13,6,29.605,24.347
2021-06-13,21,24.581,
2021-06-15,6,31.295,24.882
2021-06-15,21,25.763,
2021-06-17,6,32.171,25.146
2021-06-17,21,26.108,
2021-06-19,6,30.424,25.443
2021-06-19,21,26.047,
2021-06-21,6,27.841,24.671
2021-06-21,21,24.66,
2021-06-23,6,29.432,25.344
2021-06-23,21,24.177,
2021-06-25,6,27.532,24.833
2021-06-25,21,25.011,
2021-06-27,6,29.706,24.614
2021-06-27,21,25.531,
2021-06-29,6,31.395,24.992
2021-06-29,21,26.334,
2021-07-01,6,33.051,25.687
2021-07-01,21,25.511,
2021-07-03,6,26.726,24.529
2021-07-03,21,24.769,
2021-07-05,6,28.922,24.682
2021-07-05,21,25.315,
2021-07-07,6,32.591,24.435
2021-07-07,21,26.091,
2021-07-09,6,30.511,25.012
2021-07-09,21,26.294,
2021-07-11,6,31.194,24.97
2021-07-11,21,26.497,
2021-07-13,6,29.734,24.804
2021-07-13,21,24.77,
2021-07-15,6,29.309,24.807
2021-07-15,21,25.112,
2021-07-17,6,31.038,25.486
2021-07-17,21,25.209,
2021-07-19,6,28.158,25.151
2021-07-19,21,25.224,
2021-07-21,6,25.195,23.592
2021-07-21,21,24.43,
2021-07-23,6,26.366,24.533
2021-07-23,21,24.749,
2021-07-25,6,27.017,24.852
2021-07-25,21,26.334,
2021-07-27,6,28.335,25.47
2021-07-27,21,25.481,
2021-07-29,6,26.834,24.825
2021-07-29,21,25.572,
2021-07-31,6,29.274,25.992
2021-07-31,21,26.303,
2021-08-02,6,29.622,25.799
2021-08-02,21,26.458,
2021-08-04,6,29.339,25.476
2021-08-04,21,26.489,
2021-08-06,6,29.311,26.494
2021-08-06,21,26.201,
2021-08-08,6,30.206,25.732
2021-08-08,21,25.036,
2021-08-10,6,28.52,24.869
2021-08-10,21,24.085,
2021-08-12,6,30.475,23.93
2021-08-12,21,25.937,
2021-08-14,6,29.618,24.427
2021-08-14,21,24.695,
2021-08-16,6,31.697,24.197
2021-08-16,21,25.409,
2021-08-18,6,30.684,24.843
2021-08-18,21,24.821,
2021-08-20,6,30.402,25.205
2021-08-20,21,24.841,
2021-08-22,6,31.391,25.069
2021-08-22,21,24.722,
2021-08-24,6,26.943,23.666
2021-08-24,21,24.348,
2021-08-26,6,28.008,23.711
2021-08-26,21,24.732,
2021-08-28,6,29.514,25.26
2021-08-28,21,25.492,
2021-08-30,6,29.426,25.179
2021-08-30,21,24.822,
2021-09-01,6,29.383,24.003
2021-09-01,21,23.934,
2021-09-03,6,30.233,24.455
2021-09-03,21,24.605,
2021-09-05,6,29.984,24.818
2021-09-05,21,25.036,
2021-09-07,6,28.572,24.151
2021-09-07,21,24.38,
2021-09-09,6,30.291,25.545
2021-09-09,21,25.078,
2021-09-11,6,26.794,24.381
2021-09-11,21,24.674,
2021-09-13,6,30.681,24.854
2021-09-13,21,25.049,
2021-09-15,6,31.251,25.109
2021-09-15,21,25.291,
2021-09-17,6,29.945,24.859
2021-09-17,21,25.665,
2021-09-19,6,26.829,23.375
2021-09-19,21,24.559,
2021-09-21,6,30.766,24.756
2021-09-21,21,25.84,
2021-09-23,6,32.435,24.864
2021-09-23,21,25.267,
2021-09-25,6,31.853,24.428
2021-09-25,21,25.512,
2021-09-27,6,30.245,25.24
2021-09-27,21,25.564,
2021-09-29,6,30.586,25.963
2021-09-29,21,25.257,
2021-10-01,6,30.559,25.611
2021-10-01,21,25.571,
2021-10-03,6,29.217,24.897
2021-10-03,21,25.422,
2021-10-05,6,27.566,24.423
2021-10-05,21,24.799,
2021-10-07,6,28.757,24.999
2021-10-07,21,25.199,
2021-10-09,6,30.099,24.767
2021-10-09,21,25.648,
2021-10-11,6,27.877,25.049
2021-10-11,21,25.603,
2021-10-13,6,28.203,24.347
2021-10-13,21,25.168,
2021-10-15,6,28.529,25.932
2021-10-15,21,24.744,
2021-10-17,6,30.793,23.614
2021-10-17,21,25.732,
2021-10-19,6,31.442,23.325
2021-10-19,21,25.545,
2021-10-21,6,29.128,24.831
2021-10-21,21,24.88,
2021-10-23,6,29.374,24.042
2021-10-23,21,25.143,
2021-10-25,6,26.703,23.567
2021-10-25,21,24.565,
2021-10-27,6,30.965,22.841
2021-10-27,21,25.369,
2021-10-29,6,31.032,21.676
2021-10-29,21,25.441,
2021-10-31,6,30.653,22.107
2021-10-31,21,24.954,
2021-11-02,6,30.636,22.319
2021-11-02,21,25.222,
2021-11-04,6,31.092,23.072
2021-11-04,21,25.876,
2021-11-06,6,32.303,24.817
2021-11-06,21,25.99,
2021-11-08,6,30.082,24.538
2021-11-08,21,26.177,
2021-11-10,6,30.492,23.281
2021-11-10,21,24.774,
2021-11-12,6,29.886,24.138
2021-11-12,21,25.778,
2021-11-14,6,30.985,24.812
2021-11-14,21,25.854,
2021-11-16,6,30.866,23.988
2021-11-16,21,25.998,
2021-11-18,6,30.678,23.653
2021-11-18,21,24.849,
2021-11-20,6,29.824,23.014
2021-11-20,21,24.973,
2021-11-22,6,31.32,25.175
2021-11-22,21,25.316,
2021-11-24,6,30.332,24.017
2021-11-24,21,25.559,
2021-11-26,6,27.801,24.211
2021-11-26,21,24.806,
2021-11-28,6,28.094,23.121
2021-11-28,21,25.287,
2021-11-30,6,30.796,24.372
2021-11-30,21,25.545,
2021-12-02,6,28.402,20.819
2021-12-02,21,23.57,
2021-12-04,6,27.113,20.088
2021-12-04,21,22.854,
2021-12-06,6,28.304,20.092
2021-12-06,21,22.888,
2021-12-08,6,28.55,19.668
2021-12-08,21,23.465,
2021-12-10,6,28.944,20.102
2021-12-10,21,24.151,
2021-12-12,6,28.096,22.331
2021-12-12,21,24.179,
2021-12-14,6,29.06,19.101
2021-12-14,21,23.571,
2021-12-16,6,29.336,22.14
2021-12-16,21,25.32,
2021-12-18,6,28.556,23.91
2021-12-18,21,23.917,
2021-12-20,6,29.708,24.089
2021-12-20,21,24.53,
2021-12-22,6,28.408,24.581
2021-12-22,21,24.427,
2021-12-24,6,29.582,23.051
2021-12-24,21,24.422,
2021-12-26,6,27.178,21.953
2021-12-26,21,23.797,
2021-12-28,6,27.228,21.034
2021-12-28,21,23.636,
2021-12-30,6,28.216,19.453
2021-12-30,21,23.209,
2022-01-01,6,27.162,19.766
2022-01-01,21,23.509,
2022-01-03,6,27.853,19.21
2022-01-03,21,23.359,
2022-01-05,6,28.554,20.019
2022-01-05,21,23.191,
2022-01-07,6,29.044,20.208
2022-01-07,21,22.453,
2022-01-09,6,29.486,22.102
2022-01-09,21,23.045,
2022-01-11,6,29.51,19.725
2022-01-11,21,22.366,
2022-01-13,6,27.295,20.801
2022-01-13,21,22.661,
2022-01-15,6,26.646,18.683
2022-01-15,21,22.416,
2022-01-17,6,27.315,18.31
2022-01-17,21,21.209,
2022-01-19,6,27.689,20.903
2022-01-19,21,23.482,
2022-01-21,6,26.906,23.344
2022-01-21,21,23.388,
2022-01-23,6,29.352,23.291
2022-01-23,21,23.595,
2022-01-25,6,29.573,20.884
2022-01-25,21,24.865,
2022-01-27,6,30.559,23.932
2022-01-27,21,24.794,
2022-01-29,6,30.626,23.0
2022-01-29,21,24.889,
2022-01-31,6,29.182,21.448
2022-01-31,21,24.327,
2022-02-02,6,28.337,20.812
2022-02-02,21,24.474,
2022-02-04,6,29.368,20.531
2022-02-04,21,24.2,
2022-02-06,6,29.306,21.825
2022-02-06,21,24.422,
2022-02-08,6,29.618,22.924
2022-02-08,21,23.795,
2022-02-10,6,29.293,20.78
2022-02-10,21,24.321,
2022-02-12,6,29.596,21.048
2022-02-12,21,24.257,
2022-02-14,6,29.295,23.734
2022-02-14,21,23.93,
2022-02-16,6,29.85,22.273
2022-02-16,21,24.217,
2022-02-18,6,30.918,22.83
2022-02-18,21,24.343,
2022-02-20,6,30.853,21.193
2022-02-20,21,24.095,
2022-02-22,6,26.317,21.853
2022-02-22,21,24.209,
2022-02-24,6,30.605,21.545
2022-02-24,21,24.539,
2022-02-26,6,28.465,21.236
2022-02-26,21,23.923,
2022-02-28,6,30.652,20.673
2022-02-28,21,24.389,
2022-03-02,6,30.609,21.812
2022-03-02,21,24.478,
2022-03-04,6,30.693,22.084
2022-03-04,21,23.875,
2022-03-06,6,31.296,21.229
2022-03-06,21,24.146,
2022-03-08,6,30.254,21.759
2022-03-08,21,24.425,
2022-03-10,6,29.592,20.762
2022-03-10,21,24.982,
2022-03-12,6,31.47,23.836
2022-03-12,21,24.701,
2022-03-14,6,30.615,24.439
2022-03-14,21,25.313,
2022-03-16,6,30.484,24.597
2022-03-16,21,25.906,
2022-03-18,6,31.986,24.465
2022-03-18,21,25.339,
2022-03-20,6,31.929,23.889
2022-03-20,21,25.836,
2022-03-22,6,32.805,23.842
2022-03-22,21,25.933,
2022-03-24,6,32.399,22.171
2022-03-24,21,25.724,
2022-03-26,6,33.104,23.602
2022-03-26,21,26.157,
2022-03-28,6,31.775,22.365
2022-03-28,21,25.903,
2022-03-30,6,32.194,22.117
2022-03-30,21,25.594,
2022-04-01,6,30.53,23.377
2022-04-01,21,25.095,
2022-04-03,6,31.379,21.012
2022-04-03,21,24.309,
2022-04-05,6,26.61,22.242
2022-04-05,21,23.969,
2022-04-07,6,30.38,23.068
2022-04-07,21,24.659,
2022-04-09,6,31.54,22.67
2022-04-09,21,24.802,
2022-04-11,6,30.903,22.417
2022-04-11,21,25.158,
2022-04-13,6,30.345,23.696
2022-04-13,21,25.101,
2022-04-15,6,31.591,22.966
2022-04-15,21,24.539,
2022-04-17,6,28.417,22.53
2022-04-17,21,25.336,
2022-04-19,6,30.784,22.105
2022-04-19,21,25.635,
2022-04-21,6,32.618,23.913
2022-04-21,21,26.189,
2022-04-23,6,32.521,21.637
2022-04-23,21,25.906,
2022-04-25,6,31.672,23.745
2022-04-25,21,26.549,
2022-04-27,6,32.426,23.809
2022-04-27,21,26.26,
2022-04-29,6,32.615,23.788
2022-04-29,21,26.264,
2022-05-01,6,33.274,22.445
2022-05-01,21,25.983,
2022-05-03,6,33.107,22.818
2022-05-03,21,25.846,
2022-05-05,6,33.478,22.383
2022-05-05,21,25.948,
2022-05-07,6,33.725,23.115
2022-05-07,21,27.096,
2022-05-09,6,33.187,22.225
2022-05-09,21,25.993,
2022-05-11,6,33.444,22.034
2022-05-11,21,26.276,
2022-05-13,6,34.08,23.267
2022-05-13,21,26.735,
2022-05-15,6,29.311,24.959
2022-05-15,21,25.543,
2022-05-17,6,30.684,25.254
2022-05-17,21,25.239,
2022-05-19,6,28.976,25.051
2022-05-19,21,25.064,
2022-05-21,6,29.656,24.189
2022-05-21,21,25.381,
2022-05-23,6,29.974,24.619
2022-05-23,21,24.983,
2022-05-25,6,30.787,24.586
2022-05-25,21,26.158,
2022-05-27,6,33.47,23.943
2022-05-27,21,26.002,
2022-05-29,6,31.32,24.905
2022-05-29,21,25.874,
2022-05-31,6,29.966,24.978
2022-05-31,21,26.427,
2022-06-02,6,31.197,24.335
2022-06-02,21,25.514,
2022-06-04,6,31.471,25.003
2022-06-04,21,25.649,
2022-06-06,6,30.754,25.35
2022-06-06,21,25.817,
2022-06-08,6,31.765,25.242
2022-06-08,21,26.554,
2022-06-10,6,33.304,24.619
2022-06-10,21,25.764,
2022-06-12,6,31.36,25.095
2022-06-12,21,26.164,
2022-06-14,6,32.67,24.768
2022-06-14,21,25.91,
2022-06-16,6,32.382,24.531
2022-06-16,21,26.115,
2022-06-18,6,32.2,24.588
2022-06-18,21,25.959,
2022-06-20,6,31.795,24.962
2022-06-20,21,25.157,
2022-06-22,6,31.863,24.843
2022-06-22,21,23.95,
2022-06-24,6,31.358,24.381
2022-06-24,21,25.832,
2022-06-26,6,30.55,24.72
2022-06-26,21,25.01,
2022-06-28,6,29.16,24.975
2022-06-28,21,24.836,
2022-06-30,6,29.546,24.898
2022-06-30,21,25.302,
2022-07-02,6,30.6,24.651
2022-07-02,21,25.703,
2022-07-04,6,31.186,24.678
2022-07-04,21,25.685,
2022-07-06,6,29.996,24.911
2022-07-06,21,25.293,
2022-07-08,6,29.23,25.261
2022-07-08,21,25.629,
2022-07-10,6,31.26,25.479
2022-07-10,21,25.564,
2022-07-12,6,29.596,25.634
2022-07-12,21,25.353,
2022-07-14,6,31.081,25.329
2022-07-14,21,25.795,
2022-07-16,6,31.445,26.33
2022-07-16,21,24.951,
2022-07-18,6,29.063,24.885
2022-07-18,21,25.024,
2022-07-20,6,31.52,24.543
2022-07-20,21,26.023,
2022-07-22,6,31.341,24.906
2022-07-22,21,26.303,
2022-07-24,6,32.819,25.464
2022-07-24,21,26.687,
2022-07-26,6,29.951,25.008
2022-07-26,21,25.356,
2022-07-28,6,30.511,26.72
2022-07-28,21,25.591,
2022-07-30,6,27.937,25.324
2022-07-30,21,25.017,
2022-08-01,6,28.701,25.053
2022-08-01,21,24.809,
2022-08-03,6,31.158,24.439
2022-08-03,21,25.867,
2022-08-05,6,26.309,24.489
2022-08-05,21,24.622,
2022-08-07,6,28.344,24.298
2022-08-07,21,24.355,
2022-08-09,6,28.703,24.213
2022-08-09,21,25.042,
2022-08-11,6,29.784,24.205
2022-08-11,21,24.861,
2022-08-13,6,31.286,25.537
2022-08-13,21,25.097,
2022-08-15,6,26.688,24.631
2022-08-15,21,24.153,
2022-08-17,6,28.173,25.56
2022-08-17,21,24.758,
2022-08-19,6,30.387,24.777
2022-08-19,21,24.738,
2022-08-21,6,29.648,24.887
2022-08-21,21,25.791,
2022-08-23,6,24.53,23.2
2022-08-23,21,24.025,
2022-08-25,6,31.579,24.491
2022-08-25,21,25.571,
2022-08-27,6,30.211,24.758
2022-08-27,21,26.113,
2022-08-29,6,30.876,25.203
2022-08-29,21,25.352,
2022-08-31,6,28.041,25.175
2022-08-31,21,25.165,
2022-09-02,6,26.602,24.92
2022-09-02,21,24.207,
2022-09-04,6,29.702,26.063
2022-09-04,21,25.465,
2022-09-06,6,31.365,25.267
2022-09-06,21,25.318,
2022-09-08,6,31.741,25.494
2022-09-08,21,25.194,
2022-09-10,6,27.035,24.659
2022-09-10,21,24.837,
2022-09-12,6,30.09,24.09
2022-09-12,21,25.603,
2022-09-14,6,28.97,26.014
2022-09-14,21,24.735,
2022-09-16,6,29.732,26.118
2022-09-16,21,24.571,
2022-09-18,6,28.534,24.225
2022-09-18,21,24.812,
2022-09-20,6,26.912,24.74
2022-09-20,21,24.371,
2022-09-22,6,27.568,24.269
2022-09-22,21,24.623,
2022-09-24,6,30.914,23.912
2022-09-24,21,25.615,
2022-09-26,6,28.415,24.672
2022-09-26,21,25.361,
2022-09-28,6,29.85,24.691
2022-09-28,21,25.164,
2022-09-30,6,29.914,24.413
2022-09-30,21,24.968,
2022-10-02,6,30.223,23.684
2022-10-02,21,25.62,
2022-10-04,6,31.284,24.444
2022-10-04,21,25.403,
2022-10-06,6,32.033,23.89
2022-10-06,21,25.907,
2022-10-08,6,30.682,23.58
2022-10-08,21,25.475,
2022-10-10,6,30.897,23.663
2022-10-10,21,25.019,
2022-10-12,6,30.258,25.595
2022-10-12,21,25.644,
2022-10-14,6,29.497,24.925
2022-10-14,21,25.763,
2022-10-16,6,29.337,24.455
2022-10-16,21,25.096,
2022-10-18,6,29.146,24.513
2022-10-18,21,24.912,
2022-10-20,6,28.0,25.012
2022-10-20,21,24.726,
2022-10-22,6,29.932,24.233
2022-10-22,21,25.555,
2022-10-24,6,31.557,24.332
2022-10-24,21,25.975,
2022-10-26,6,29.669,23.049
2022-10-26,21,25.661,
2022-10-28,6,27.845,24.251
2022-10-28,21,24.68,
2022-10-30,6,27.702,24.671
2022-10-30,21,25.352,
2022-11-01,6,28.506,25.461
2022-11-01,21,24.042,
2022-11-03,6,30.443,24.51
2022-11-03,21,24.852,
2022-11-05,6,29.592,23.927
2022-11-05,21,24.797,
2022-11-07,6,29.762,24.435
2022-11-07,21,25.673,
2022-11-09,6,30.33,23.719
2022-11-09,21,25.796,
2022-11-11,6,30.409,24.117
2022-11-11,21,25.932,
2022-11-13,6,30.305,24.411
2022-11-13,21,26.022,
2022-11-15,6,30.456,23.62
2022-11-15,21,25.588,
2022-11-17,6,30.505,23.755
2022-11-17,21,25.194,
2022-11-19,6,26.662,23.666
2022-11-19,21,24.741,
2022-11-21,6,29.242,24.262
2022-11-21,21,25.332,
2022-11-23,6,29.835,23.941
2022-11-23,21,25.741,
2022-11-25,6,31.335,23.285
2022-11-25,21,25.106,
2022-11-27,6,31.081,22.53
2022-11-27,21,25.22,
2022-11-29,6,31.365,24.161
2022-11-29,21,26.014,
2022-12-01,6,30.884,23.738
2022-12-01,21,25.652,
2022-12-03,6,30.927,23.439
2022-12-03,21,25.545,
2022-12-05,6,29.606,22.682
2022-12-05,21,25.081,
2022-12-07,6,30.666,22.943
2022-12-07,21,25.385,
2022-12-09,6,27.794,23.4
2022-12-09,21,24.394,
2022-12-11,6,28.262,23.699
2022-12-11,21,23.972,
2022-12-13,6,30.16,23.719
2022-12-13,21,25.744,
2022-12-15,6,29.343,24.001
2022-12-15,21,25.228,
2022-12-17,6,28.348,23.354
2022-12-17,21,25.543,
2022-12-19,6,26.363,21.691
2022-12-19,21,24.599,
2022-12-21,6,28.346,23.127
2022-12-21,21,23.967,
2022-12-23,6,26.567,19.966
2022-12-23,21,23.209,
2022-12-25,6,24.705,18.628
2022-12-25,21,22.336,
2022-12-27,6,25.676,19.364
2022-12-27,21,22.691,
2022-12-29,6,26.997,22.936
2022-12-29,21,24.556,
2022-12-31,6,27.958,22.14
2022-12-31,21,25.154,
2023-01-02,6,28.74,23.161
2023-01-02,21,24.521,
2023-01-04,6,26.703,22.99
2023-01-04,21,24.31,
2023-01-06,6,26.065,22.804
2023-01-06,21,24.315,
2023-01-08,6,26.586,20.634
2023-01-08,21,23.115,
2023-01-10,6,27.382,20.72
2023-01-10,21,23.112,
2023-01-12,6,28.757,21.081
2023-01-12,21,23.897,
2023-01-14,6,27.028,23.282
2023-01-14,21,24.32,
2023-01-16,6,26.975,22.773
2023-01-16,21,24.809,
2023-01-18,6,26.556,23.142
2023-01-18,21,24.122,
2023-01-20,6,26.966,23.16
2023-01-20,21,24.263,
2023-01-22,6,28.189,22.451
2023-01-22,21,24.117,
2023-01-24,6,29.731,21.248
2023-01-24,21,23.224,
2023-01-26,6,27.334,21.177
2023-01-26,21,23.609,
2023-01-28,6,25.63,19.88
2023-01-28,21,22.46,
2023-01-30,6,27.191,20.667
2023-01-30,21,23.316,
2023-02-01,6,28.814,22.167
2023-02-01,21,24.168,
2023-02-03,6,29.144,21.99
2023-02-03,21,23.805,
2023-02-05,6,27.696,21.824
2023-02-05,21,24.173,
2023-02-07,6,28.299,23.457
2023-02-07,21,23.941,
2023-02-09,6,27.995,19.609
2023-02-09,21,23.747,
2023-02-11,6,29.499,22.031
2023-02-11,21,24.146,
2023-02-13,6,29.261,21.149
2023-02-13,21,23.004,
2023-02-15,6,28.577,18.626
2023-02-15,21,23.699,
2023-02-17,6,27.592,18.035
2023-02-17,21,23.464,
2023-02-19,6,24.997,22.836
2023-02-19,21,23.199,
2023-02-21,6,27.457,21.993
2023-02-21,21,22.595,
2023-02-23,6,29.49,22.622
2023-02-23,21,23.825,
2023-02-25,6,30.269,23.228
2023-02-25,21,25.801,
2023-02-27,6,27.344,20.462
2023-02-27,21,23.061,
2023-03-01,6,28.678,21.914
2023-03-01,21,23.913,
2023-03-03,6,28.271,18.722
2023-03-03,21,22.811,
2023-03-05,6,28.002,18.925
2023-03-05,21,22.213,
2023-03-07,6,28.267,19.91
2023-03-07,21,22.599,
2023-03-09,6,28.317,21.271
2023-03-09,21,23.002,
2023-03-11,6,28.934,19.51
2023-03-11,21,22.017,
2023-03-13,6,26.51,20.555
2023-03-13,21,22.106,
2023-03-15,6,29.707,21.265
2023-03-15,21,23.846,
2023-03-17,6,29.938,21.338
2023-03-17,21,23.836,
2023-03-19,6,30.469,20.267
2023-03-19,21,23.188,
2023-03-21,6,30.525,21.011
2023-03-21,21,23.136,
2023-03-23,6,31.971,20.357
2023-03-23,21,25.135,
2023-03-25,6,32.266,22.343
2023-03-25,21,25.249,
2023-03-27,6,32.178,21.422
2023-03-27,21,25.088,
2023-03-29,6,31.502,20.834
2023-03-29,21,24.522,
2023-03-31,6,32.139,24.109
2023-03-31,21,25.079,
2023-04-02,6,32.418,22.026
2023-04-02,21,25.443,
2023-04-04,6,30.146,22.805
2023-04-04,21,24.334,
2023-04-06,6,31.541,21.054
2023-04-06,21,24.884,
2023-04-08,6,31.641,21.383
2023-04-08,21,25.315,
2023-04-10,6,30.659,21.653
2023-04-10,21,25.367,
2023-04-12,6,27.869,23.378
2023-04-12,21,24.88,
2023-04-14,6,28.367,24.428
2023-04-14,21,24.312,
2023-04-16,6,30.857,24.103
2023-04-16,21,25.801,
2023-04-18,6,32.91,24.116
2023-04-18,21,26.341,
2023-04-20,6,33.052,23.459
2023-04-20,21,26.578,
2023-04-22,6,31.747,24.576
2023-04-22,21,26.294,
2023-04-24,6,30.245,24.209
2023-04-24,21,25.498,
2023-04-26,6,32.179,23.384
2023-04-26,21,26.001,
2023-04-28,6,33.015,22.642
2023-04-28,21,26.023,
2023-04-30,6,33.443,24.468
2023-04-30,21,26.261,
2023-05-02,6,33.482,22.48
2023-05-02,21,26.697,
2023-05-04,6,31.233,23.656
2023-05-04,21,26.557,
2023-05-06,6,33.447,23.107
2023-05-06,21,26.489,
2023-05-08,6,34.173,24.013
2023-05-08,21,26.008,
2023-05-10,6,30.573,25.17
2023-05-10,21,26.25,
2023-05-12,6,31.07,25.148
2023-05-12,21,25.681,
2023-05-14,6,31.224,24.716
2023-05-14,21,26.327,
2023-05-16,6,30.077,26.528
2023-05-16,21,26.755,
2023-05-18,6,31.418,26.173
2023-05-18,21,26.192,
2023-05-20,6,30.312,24.842
2023-05-20,21,25.409,
2023-05-22,6,30.28,25.396
2023-05-22,21,25.725,
2023-05-24,6,31.361,26.018
2023-05-24,21,25.52,
2023-05-26,6,30.473,25.142
2023-05-26,21,25.973,
2023-05-28,6,31.511,25.232
2023-05-28,21,27.604,
2023-05-30,6,31.002,25.644
2023-05-30,21,27.056,
2023-06-01,6,29.985,26.023
2023-06-01,21,26.0,
2023-06-03,6,29.715,24.887
2023-06-03,21,25.401,
2023-06-05,6,31.627,25.294
2023-06-05,21,26.054,
2023-06-07,6,31.178,25.291
2023-06-07,21,25.356,
2023-06-09,6,30.798,25.767
2023-06-09,21,25.566,
2023-06-11,6,26.901,24.923
2023-06-11,21,24.752,
2023-06-13,6,29.351,25.492
2023-06-13,21,25.98,
2023-06-15,6,31.186,26.38
2023-06-15,21,25.478,
2023-06-17,6,32.999,24.052
2023-06-17,21,26.136,
2023-06-19,6,31.514,25.027
2023-06-19,21,26.135,
2023-06-21,6,32.328,25.101
2023-06-21,21,25.87,
2023-06-23,6,32.65,23.115
2023-06-23,21,25.756,
2023-06-25,6,30.419,24.598
2023-06-25,21,25.834,
2023-06-27,6,30.106,25.198
2023-06-27,21,25.812,
2023-06-29,6,30.301,25.029
2023-06-29,21,25.582,
2023-07-01,6,33.13,25.507
2023-07-01,21,26.222,
2023-07-03,6,32.633,25.854
2023-07-03,21,26.567,
2023-07-05,6,33.202,24.062
2023-07-05,21,27.38,
2023-07-07,6,32.661,25.346
2023-07-07,21,25.908,
2023-07-09,6,31.988,24.334
2023-07-09,21,25.796,
2023-07-11,6,32.954,24.483
2023-07-11,21,26.58,
2023-07-13,6,26.357,24.872
2023-07-13,21,25.022,
2023-07-15,6,27.359,25.155
2023-07-15,21,24.126,
2023-07-17,6,29.043,24.877
2023-07-17,21,25.423,
2023-07-19,6,29.921,24.932
2023-07-19,21,25.271,
2023-07-21,6,32.1,24.926
2023-07-21,21,25.601,
2023-07-23,6,30.149,25.001
2023-07-23,21,24.707,
2023-07-25,6,28.811,26.074
2023-07-25,21,25.873,
2023-07-27,6,26.897,24.457
2023-07-27,21,24.862,
2023-07-29,6,25.607,24.232
2023-07-29,21,24.756,
2023-07-31,6,26.819,25.088
2023-07-31,21,24.946,
2023-08-02,6,27.453,25.122
2023-08-02,21,25.189,
2023-08-04,6,29.992,25.876
2023-08-04,21,26.483,
2023-08-06,6,30.332,24.887
2023-08-06,21,26.481,
2023-08-08,6,30.628,26.374
2023-08-08,21,26.752,
2023-08-10,6,30.701,26.407
2023-08-10,21,26.208,
2023-08-12,6,30.301,26.232
2023-08-12,21,26.478,
2023-08-14,6,29.805,25.26
2023-08-14,21,25.765,
2023-08-16,6,30.73,26.465
2023-08-16,21,25.71,
2023-08-18,6,30.499,26.016
2023-08-18,21,25.507,
2023-08-20,6,30.796,25.754
2023-08-20,21,25.614,
2023-08-22,6,28.964,25.056
2023-08-22,21,25.173,
2023-08-24,6,29.329,25.555
2023-08-24,21,25.741,
2023-08-26,6,27.307,24.775
2023-08-26,21,26.422,
2023-08-28,6,29.882,25.546
2023-08-28,21,25.787,
2023-08-30,6,26.73,24.641
2023-08-30,21,24.727,
2023-09-01,6,27.002,25.116
2023-09-01,21,25.367,
2023-09-03,6,28.077,25.727
2023-09-03,21,25.485,
2023-09-05,6,28.295,25.472
2023-09-05,21,25.415,
2023-09-07,6,31.286,25.282
2023-09-07,21,25.717,
2023-09-09,6,32.184,25.297
2023-09-09,21,25.74,
2023-09-11,6,30.58,25.104
2023-09-11,21,25.079,
2023-09-13,6,27.656,24.538
2023-09-13,21,25.111,
2023-09-15,6,29.878,24.95
2023-09-15,21,25.302,
2023-09-17,6,32.074,25.271
2023-09-17,21,25.364,
2023-09-19,6,32.111,25.113
2023-09-19,21,25.564,
2023-09-21,6,30.941,25.404
2023-09-21,21,25.824,
2023-09-23,6,27.973,25.178
2023-09-23,21,25.186,
2023-09-25,6,29.268,25.557
2023-09-25,21,25.083,
2023-09-27,6,29.839,25.75
2023-09-27,21,25.265,
2023-09-29,6,31.888,25.113
2023-09-29,21,26.153,
2023-10-01,6,30.002,26.106
2023-10-01,21,25.641,
2023-10-03,6,28.696,25.637
2023-10-03,21,25.698,
2023-10-05,6,25.913,24.5
2023-10-05,21,23.752,
2023-10-07,6,30.611,24.991
2023-10-07,21,25.0,
2023-10-09,6,30.607,24.883
2023-10-09,21,25.914,
2023-10-11,6,30.177,24.231
2023-10-11,21,25.598,
2023-10-13,6,30.95,24.608
2023-10-13,21,25.659,
2023-10-15,6,31.484,24.526
2023-10-15,21,25.825,
2023-10-17,6,30.827,23.944
2023-10-17,21,26.09,
2023-10-19,6,27.647,23.982
2023-10-19,21,24.844,
2023-10-21,6,27.246,23.793
2023-10-21,21,24.622,
2023-10-23,6,26.859,24.257
2023-10-23,21,24.447,
2023-10-25,6,31.66,24.787
2023-10-25,21,25.169,
2023-10-27,6,30.359,24.802
2023-10-27,21,25.175,
2023-10-29,6,31.02,23.688
2023-10-29,21,25.615,
2023-10-31,6,31.108,22.099
2023-10-31,21,25.976,
2023-11-02,6,30.014,25.26
2023-11-02,21,25.047,
2023-11-04,6,32.187,24.699
2023-11-04,21,26.274,
2023-11-06,6,32.034,24.682
2023-11-06,21,26.143,
2023-11-08,6,29.751,24.611
2023-11-08,21,26.201,
2023-11-10,6,32.081,23.905
2023-11-10,21,25.865,
2023-11-12,6,31.004,23.493
2023-11-12,21,25.782,
2023-11-14,6,29.711,23.346
2023-11-14,21,25.638,
2023-11-16,6,31.015,22.508
2023-11-16,21,25.435,
2023-11-18,6,29.028,22.185
2023-11-18,21,25.063,
2023-11-20,6,29.391,22.105
2023-11-20,21,24.915,
2023-11-22,6,29.718,22.639
2023-11-22,21,24.703,
2023-11-24,6,29.624,24.003
2023-11-24,21,25.785,
2023-11-26,6,29.305,23.827
2023-11-26,21,24.917,
2023-11-28,6,30.205,23.936
2023-11-28,21,25.565,
2023-11-30,6,30.782,23.112
2023-11-30,21,26.002,
2023-12-02,6,31.023,23.201
2023-12-02,21,25.238,
2023-12-04,6,30.957,23.173
2023-12-04,21,25.441,
2023-12-06,6,31.17,24.186
2023-12-06,21,25.368,
2023-12-08,6,31.013,23.897
2023-12-08,21,24.835,
2023-12-10,6,31.559,22.714
2023-12-10,21,25.102,
2023-12-12,6,31.434,23.188
2023-12-12,21,25.696,
2023-12-14,6,28.775,22.915
2023-12-14,21,24.825,
2023-12-16,6,29.938,23.622
2023-12-16,21,25.401,
2023-12-18,6,27.561,23.687
2023-12-18,21,24.904,
2023-12-20,6,29.923,23.671
2023-12-20,21,25.107,
2023-12-22,6,27.277,21.707
2023-12-22,21,23.462,
2023-12-24,6,29.126,22.698
2023-12-24,21,24.549,
2023-12-26,6,28.399,23.557
2023-12-26,21,24.49,
2023-12-28,6,29.069,23.313
2023-12-28,21,24.711,
2023-12-30,6,30.041,23.858
2023-12-30,21,24.962,
2024-01-01,6,29.798,23.051
2024-01-01,21,24.861,
2024-01-03,6,30.388,24.294
2024-01-03,21,25.42,
2024-01-05,6,28.456,22.686
2024-01-05,21,24.385,
2024-01-07,6,28.415,20.782
2024-01-07,21,24.338,
2024-01-09,6,29.117,23.704
2024-01-09,21,24.406,
2024-01-11,6,28.799,21.386
2024-01-11,21,23.756,
2024-01-13,6,27.474,20.402
2024-01-13,21,24.23,
2024-01-15,6,28.138,20.719
2024-01-15,21,23.931,
2024-01-17,6,27.681,18.433
2024-01-17,21,22.245,
2024-01-19,6,28.857,21.81
2024-01-19,21,23.241,
2024-01-21,6,29.845,21.859
2024-01-21,21,24.634,
2024-01-23,6,29.219,22.951
2024-01-23,21,23.794,
2024-01-25,6,26.789,19.512
2024-01-25,21,22.686,
2024-01-27,6,25.91,18.617
2024-01-27,21,22.36,
2024-01-29,6,27.913,17.87
2024-01-29,21,23.195,
2024-01-31,6,27.84,21.121
2024-01-31,21,23.314,
2024-02-02,6,29.212,21.432
2024-02-02,21,23.466,
2024-02-04,6,31.079,20.753
2024-02-04,21,23.975,
2024-02-06,6,30.66,20.997
2024-02-06,21,23.63,
2024-02-08,6,30.92,21.007
2024-02-08,21,23.441,
2024-02-10,6,29.21,21.0
2024-02-10,21,23.707,
2024-02-12,6,27.587,19.07
2024-02-12,21,23.356,
2024-02-14,6,29.345,21.753
2024-02-14,21,23.874,
2024-02-16,6,30.244,21.468
2024-02-16,21,24.03,
2024-02-18,6,30.68,21.12
2024-02-18,21,24.169,
2024-02-20,6,30.96,20.608
2024-02-20,21,24.308,
2024-02-22,6,30.15,22.553
2024-02-22,21,24.393,
2024-02-24,6,30.907,20.142
2024-02-24,21,25.342,
2024-02-26,6,30.06,19.333
2024-02-26,21,23.319,
2024-02-28,6,29.699,18.689
2024-02-28,21,23.607,
2024-03-01,6,30.874,20.79
2024-03-01,21,23.547,
2024-03-03,6,30.633,19.483
2024-03-03,21,24.124,
2024-03-05,6,31.982,20.652
2024-03-05,21,22.265,
2024-03-07,6,31.819,21.635
2024-03-07,21,24.582,
2024-03-09,6,27.962,21.37
2024-03-09,21,24.753,
2024-03-11,6,29.143,20.71
2024-03-11,21,24.418,
2024-03-13,6,29.926,22.174
2024-03-13,21,24.911,
2024-03-15,6,29.049,22.514
2024-03-15,21,24.985,
2024-03-17,6,31.025,22.743
2024-03-17,21,24.771,
2024-03-19,6,29.99,21.853
2024-03-19,21,24.524,
2024-03-21,6,27.986,20.884
2024-03-21,21,23.727,
2024-03-23,6,29.984,22.499
2024-03-23,21,24.658,
2024-03-25,6,31.829,20.985
2024-03-25,21,25.423,
2024-03-27,6,32.453,24.648
2024-03-27,21,25.76,
2024-03-29,6,31.056,23.102
2024-03-29,21,25.372,
2024-03-31,6,33.125,20.617
2024-03-31,21,25.145,
2024-04-02,6,33.908,18.267
2024-04-02,21,25.499,
2024-04-04,6,32.832,23.131
2024-04-04,21,25.99,
2024-04-06,6,31.539,23.016
2024-04-06,21,25.193,
2024-04-08,6,32.755,22.754
2024-04-08,21,25.079,
2024-04-10,6,32.781,22.573
2024-04-10,21,25.653,
2024-04-12,6,33.115,21.062
2024-04-12,21,25.348,
2024-04-14,6,34.001,22.47
2024-04-14,21,26.395,
2024-04-16,6,34.247,22.412
2024-04-16,21,25.612,
2024-04-18,6,34.576,20.669
2024-04-18,21,26.003,
2024-04-20,6,34.705,19.974
2024-04-20,21,26.435,
2024-04-22,6,34.385,22.76
2024-04-22,21,27.219,
2024-04-24,6,34.794,25.06
2024-04-24,21,27.371,
2024-04-26,6,35.49,22.869
2024-04-26,21,26.132,
2024-04-28,6,35.513,24.102
2024-04-28,21,28.005,
2024-04-30,6,35.697,21.851
2024-04-30,21,27.323,
2024-05-02,6,35.286,19.656
2024-05-02,21,27.271,
2024-05-04,6,34.811,22.707
2024-05-04,21,26.23,
2024-05-06,6,34.089,24.237
2024-05-06,21,27.346,
2024-05-08,6,34.348,23.276
2024-05-08,21,27.209,
2024-05-10,6,33.064,22.939
2024-05-10,21,27.169,
2024-05-12,6,35.212,22.773
2024-05-12,21,26.781,
2024-05-14,6,34.315,24.247
2024-05-14,21,27.259,
2024-05-16,6,34.678,23.722
2024-05-16,21,26.987,
2024-05-18,6,33.905,23.759
2024-05-18,21,26.958,
2024-05-20,6,34.122,24.363
2024-05-20,21,27.109,
2024-05-22,6,34.572,22.753
2024-05-22,21,27.651,
2024-05-24,6,33.424,24.071
2024-05-24,21,27.645,
2024-05-26,6,26.208,24.592
2024-05-26,21,25.205,
2024-05-28,6,30.616,25.826
2024-05-28,21,26.229,
2024-05-30,6,33.256,25.396
2024-05-30,21,26.942,
2024-06-01,6,34.145,24.856
2024-06-01,21,27.419,
2024-06-03,6,32.018,26.488
2024-06-03,21,27.35,
2024-06-05,6,27.967,24.644
2024-06-05,21,25.187,
2024-06-07,6,30.581,25.208
2024-06-07,21,25.123,
2024-06-09,6,31.964,25.019
2024-06-09,21,26.119,
2024-06-11,6,32.119,25.338
2024-06-11,21,26.879,
2024-06-13,6,32.394,25.767
2024-06-13,21,26.324,
2024-06-15,6,32.655,25.431
2024-06-15,21,26.521,
2024-06-17,6,30.983,25.18
2024-06-17,21,26.084,
2024-06-19,6,32.276,25.31
2024-06-19,21,25.947,
2024-06-21,6,31.835,25.99
2024-06-21,21,26.049,
2024-06-23,6,31.954,25.766
2024-06-23,21,25.531,
2024-06-25,6,31.967,24.367
2024-06-25,21,26.866,
2024-06-27,6,31.376,25.108
2024-06-27,21,26.58,
2024-06-29,6,31.828,25.042
2024-06-29,21,26.859,
2024-07-01,6,31.88,25.112
2024-07-01,21,26.094,
2024-07-03,6,32.116,25.436
2024-07-03,21,26.091,
2024-07-05,6,30.127,25.512
2024-07-05,21,25.972,
2024-07-07,6,31.723,25.41
2024-07-07,21,25.504,
2024-07-09,6,30.727,25.717
2024-07-09,21,25.064,
2024-07-11,6,32.011,25.571
2024-07-11,21,25.543,
2024-07-13,6,31.635,25.746
2024-07-13,21,26.25,
2024-07-15,6,31.18,24.499
2024-07-15,21,25.486,
2024-07-17,6,28.691,24.928
2024-07-17,21,25.721,
2024-07-19,6,31.523,25.702
2024-07-19,21,25.21,
2024-07-21,6,29.661,26.464
2024-07-21,21,25.38,
2024-07-23,6,25.866,24.676
2024-07-23,21,24.312,
2024-07-25,6,28.12,25.238
2024-07-25,21,25.907,
2024-07-27,6,29.387,24.58
2024-07-27,21,25.678,
2024-07-29,6,28.503,25.331
2024-07-29,21,24.755,
2024-07-31,6,30.693,24.86
2024-07-31,21,25.162,
2024-08-02,6,30.209,25.912
2024-08-02,21,24.732,
2024-08-04,6,29.571,25.486
2024-08-04,21,25.243,
2024-08-06,6,28.857,25.599
2024-08-06,21,24.903,
2024-08-08,6,29.186,25.944
2024-08-08,21,25.838,
2024-08-10,6,28.948,24.954
2024-08-10,21,25.186,
2024-08-12,6,30.464,25.32
2024-08-12,21,25.38,
2024-08-14,6,30.585,25.422
2024-08-14,21,25.65,
2024-08-16,6,32.5,25.33
2024-08-16,21,26.078,
2024-08-18,6,31.854,25.882
2024-08-18,21,26.397,
2024-08-20,6,31.588,25.625
2024-08-20,21,26.098,
2024-08-22,6,32.284,26.05
2024-08-22,21,26.346,
2024-08-24,6,30.487,25.729
2024-08-24,21,25.739,
2024-08-26,6,29.157,26.072
2024-08-26,21,25.33,
2024-08-28,6,26.816,24.781
2024-08-28,21,25.007,
2024-08-30,6,31.233,26.168
2024-08-30,21,25.877,
2024-09-01,6,29.673,25.08
2024-09-01,21,25.374,
2024-09-03,6,26.627,24.822
2024-09-03,21,24.819,
2024-09-05,6,26.168,24.424
2024-09-05,21,24.641,
2024-09-07,6,30.885,24.112
2024-09-07,21,24.827,
2024-09-09,6,28.168,24.898
2024-09-09,21,24.916,
2024-09-11,6,30.572,26.09
2024-09-11,21,25.599,
2024-09-13,6,28.693,25.556
2024-09-13,21,25.005,
2024-09-15,6,29.094,26.144
2024-09-15,21,25.891,
2024-09-17,6,28.191,25.124
2024-09-17,21,25.162,
2024-09-19,6,28.652,25.214
2024-09-19,21,25.142,
2024-09-21,6,27.675,24.273
2024-09-21,21,24.866,
2024-09-23,6,32.593,25.747
2024-09-23,21,26.488,
2024-09-25,6,32.891,24.928
2024-09-25,21,25.805,
2024-09-27,6,31.348,25.99
2024-09-27,21,26.325,
2024-09-29,6,28.785,25.596
2024-09-29,21,25.148,
2024-10-01,6,30.272,26.01
2024-10-01,21,25.293,
2024-10-03,6,31.862,24.856
2024-10-03,21,26.231,
2024-10-05,6,31.57,24.982
2024-10-05,21,24.951,
2024-10-07,6,29.324,24.249
2024-10-07,21,25.121,
2024-10-09,6,30.142,24.711
2024-10-09,21,25.261,
2024-10-11,6,30.435,25.36
2024-10-11,21,25.157,
2024-10-13,6,31.274,24.338
2024-10-13,21,26.632,
2024-10-15,6,29.475,24.414
2024-10-15,21,25.617,
2024-10-17,6,32.137,23.956
2024-10-17,21,26.037,
2024-10-19,6,30.165,24.854
2024-10-19,21,25.986,
2024-10-21,6,30.813,23.733
2024-10-21,21,25.852,
2024-10-23,6,26.221,24.159
2024-10-23,21,25.407,
2024-10-25,6,27.802,24.532
2024-10-25,21,24.568,
2024-10-27,6,29.479,24.551
2024-10-27,21,24.905,
2024-10-29,6,29.466,24.558
2024-10-29,21,26.561,
2024-10-31,6,28.117,25.133
2024-10-31,21,25.277,
2024-11-02,6,31.906,24.615
2024-11-02,21,25.828,
2024-11-04,6,30.452,23.204
2024-11-04,21,25.336,
2024-11-06,6,30.416,24.573
2024-11-06,21,25.409,
2024-11-08,6,31.543,24.376
2024-11-08,21,26.03,
2024-11-10,6,30.832,24.698
2024-11-10,21,25.604,
2024-11-12,6,30.637,25.491
2024-11-12,21,25.335,
2024-11-14,6,30.369,24.691
2024-11-14,21,25.021,
2024-11-16,6,31.153,24.076
2024-11-16,21,25.996,
2024-11-18,6,31.049,24.645
2024-11-18,21,25.878,
2024-11-20,6,31.305,23.437
2024-11-20,21,25.61,
2024-11-22,6,31.131,22.109
2024-11-22,21,25.503,
2024-11-24,6,30.048,23.388
2024-11-24,21,25.521,
2024-11-26,6,31.138,23.147
2024-11-26,21,25.376,
2024-11-28,6,30.297,22.948
2024-11-28,21,25.93,
2024-11-30,6,28.429,23.224
2024-11-30,21,24.51,
2024-12-02,6,26.759,24.647
2024-12-02,21,25.06,
2024-12-04,6,29.763,24.654
2024-12-04,21,24.809,
2024-12-06,6,31.174,22.814
2024-12-06,21,25.631,
2024-12-08,6,29.236,24.482
2024-12-08,21,25.965,
2024-12-10,6,27.051,23.57
2024-12-10,21,24.584,
2024-12-12,6,29.139,23.202
2024-12-12,21,25.691,
2024-12-14,6,30.024,23.028
2024-12-14,21,24.985,
2024-12-16,6,28.181,22.544
2024-12-16,21,25.198,
2024-12-18,6,27.908,22.724
2024-12-18,21,24.775,
2024-12-20,6,28.47,22.413
2024-12-20,21,25.092,
2024-12-22,6,27.366,21.785
2024-12-22,21,24.179,
2024-12-24,6,26.73,23.906
2024-12-24,21,24.066,
2024-12-26,6,29.416,23.635
2024-12-26,21,25.004,
2024-12-28,6,28.288,23.292
2024-12-28,21,24.5,
2024-12-30,6,27.652,23.879
2024-12-30,21,24.713,
2025-01-01,6,27.634,24.23
2025-01-01,21,24.691,
2025-01-03,6,28.041,24.924
2025-01-03,21,24.653,
2025-01-05,6,26.986,20.901
2025-01-05,21,23.247,
2025-01-07,6,28.022,22.365
2025-01-07,21,24.364,
2025-01-09,6,27.83,21.473
2025-01-09,21,24.103,
2025-01-11,6,26.473,21.556
2025-01-11,21,23.448,
2025-01-13,6,26.43,21.422
2025-01-13,21,24.4,
2025-01-15,6,28.723,23.403
2025-01-15,21,24.535,
2025-01-17,6,28.728,21.895
2025-01-17,21,24.625,
2025-01-19,6,29.479,24.032
2025-01-19,21,24.393,
2025-01-21,6,29.544,22.837
2025-01-21,21,24.66,
2025-01-23,6,29.192,22.007
2025-01-23,21,24.396,
2025-01-25,6,30.757,22.782
2025-01-25,21,24.025,
2025-01-27,6,29.013,20.258
2025-01-27,21,22.637,
2025-01-29,6,26.598,20.64
2025-01-29,21,23.591,
2025-01-31,6,27.947,22.694
2025-01-31,21,24.206,
2025-02-02,6,30.918,23.64
2025-02-02,21,24.299,
2025-02-04,6,26.704,22.071
2025-02-04,21,23.905,
2025-02-06,6,28.363,22.571
2025-02-06,21,24.626,
2025-02-08,6,26.275,22.751
2025-02-08,21,23.224,
2025-02-10,6,26.226,22.29
2025-02-10,21,23.444,
2025-02-12,6,30.505,22.839
2025-02-12,21,24.287,
2025-02-14,6,28.609,24.125
2025-02-14,21,24.578,
2025-02-16,6,30.981,24.156
2025-02-16,21,25.334,
2025-02-18,6,29.707,24.101
2025-02-18,21,24.66,
2025-02-20,6,27.31,21.98
2025-02-20,21,24.299,
2025-02-22,6,28.206,21.78
2025-02-22,21,24.417,
2025-02-24,6,28.493,20.573
2025-02-24,21,23.495,
2025-02-26,6,27.593,21.037
2025-02-26,21,22.902,
2025-02-28,6,29.533,20.368
2025-02-28,21,24.219,
2025-03-02,6,31.727,23.714
2025-03-02,21,24.762,
2025-03-04,6,30.918,24.007
2025-03-04,21,25.536,
2025-03-06,6,32.4,22.692
2025-03-06,21,25.435,
2025-03-08,6,28.026,22.491
2025-03-08,21,25.382,
2025-03-10,6,29.252,22.601
2025-03-10,21,24.975,
2025-03-12,6,31.441,22.305
2025-03-12,21,25.319,
2025-03-14,6,31.266,20.82
2025-03-14,21,23.767,
2025-03-16,6,31.595,21.614
2025-03-16,21,25.424,
2025-03-18,6,30.286,21.603
2025-03-18,21,24.964,
2025-03-20,6,27.256,20.996
2025-03-20,21,24.685,
2025-03-22,6,28.929,19.754
2025-03-22,21,23.524,
2025-03-24,6,29.938,21.266
2025-03-24,21,24.541,
2025-03-26,6,32.465,22.745
2025-03-26,21,26.351,
2025-03-28,6,32.579,22.763
2025-03-28,21,25.946,
2025-03-30,6,29.922,23.096
2025-03-30,21,25.055,
2025-04-01,6,31.814,23.732
2025-04-01,21,25.478,
2025-04-03,6,32.248,23.594
2025-04-03,21,25.955,
2025-04-05,6,30.659,23.512
2025-04-05,21,25.5,
2025-04-07,6,32.991,22.334
2025-04-07,21,26.329,
2025-04-09,6,33.902,22.169
2025-04-09,21,25.236,
2025-04-11,6,34.227,22.563
2025-04-11,21,26.544,
2025-04-13,6,33.5,24.475
2025-04-13,21,26.024,
2025-04-15,6,33.171,24.137
2025-04-15,21,26.239,
2025-04-17,6,33.824,22.815
2025-04-17,21,25.555,
2025-04-19,6,33.9,22.074
2025-04-19,21,25.658,
2025-04-21,6,34.145,23.311
2025-04-21,21,25.867,
2025-04-23,6,34.569,23.558
2025-04-23,21,26.434,
2025-04-25,6,35.221,21.316
2025-04-25,21,26.308,
2025-04-27,6,33.256,21.716
2025-04-27,21,26.011,
2025-04-29,6,34.483,23.631
2025-04-29,21,26.525,
2025-05-01,6,34.373,23.295
2025-05-01,21,26.742,
2025-05-03,6,33.744,23.15
2025-05-03,21,27.051,
2025-05-05,6,33.172,24.407
2025-05-05,21,25.932,
2025-05-07,6,30.885,25.044
2025-05-07,21,25.944,
2025-05-09,6,32.997,25.211
2025-05-09,21,26.625,
2025-05-11,6,31.699,24.076
2025-05-11,21,26.483,
2025-05-13,6,32.99,24.525
2025-05-13,21,25.832,
2025-05-15,6,32.782,23.891
2025-05-15,21,26.577,
2025-05-17,6,33.599,23.5
2025-05-17,21,26.793,
2025-05-19,6,34.054,23.254
2025-05-19,21,26.967,
2025-05-21,6,33.895,22.012
2025-05-21,21,26.704,
2025-05-23,6,35.194,20.642
2025-05-23,21,27.21,
2025-05-25,6,34.297,22.722
2025-05-25,21,27.019,
2025-05-27,6,33.444,23.301
2025-05-27,21,26.489,
2025-05-29,6,31.223,24.142
2025-05-29,21,26.604,
2025-05-31,6,29.399,25.712
2025-05-31,21,24.752,
2025-06-02,6,29.457,25.337
2025-06-02,21,25.449,
2025-06-04,6,30.827,25.38
2025-06-04,21,25.661,
2025-06-06,6,31.335,25.729
2025-06-06,21,25.07,
2025-06-08,6,29.291,24.938
2025-06-08,21,24.872,
2025-06-10,6,26.654,24.478
2025-06-10,21,25.007,
2025-06-12,6,28.816,24.722
2025-06-12,21,25.567,
2025-06-14,6,32.5,25.37
2025-06-14,21,26.414,
2025-06-16,6,30.585,24.748
2025-06-16,21,26.331,
2025-06-18,6,29.831,25.225
2025-06-18,21,25.105,
2025-06-20,6,31.733,24.362
2025-06-20,21,25.692,
2025-06-22,6,29.765,24.906
2025-06-22,21,24.88,
2025-06-24,6,29.619,24.96
2025-06-24,21,24.681,
2025-06-26,6,29.177,25.024
2025-06-26,21,25.074,
2025-06-28,6,29.482,25.627
2025-06-28,21,24.983,
2025-06-30,6,29.194,24.538
2025-06-30,21,24.403,
2025-07-02,6,28.168,25.55
2025-07-02,21,24.699,
2025-07-04,6,29.889,25.827
2025-07-04,21,25.055,
2025-07-06,6,28.019,24.642
2025-07-06,21,25.003,
2025-07-08,6,29.424,25.405
2025-07-08,21,24.969,
2025-07-10,6,30.272,24.833
2025-07-10,21,25.721,
2025-07-12,6,29.524,25.968
2025-07-12,21,25.198,
2025-07-14,6,30.316,25.948
2025-07-14,21,25.641,
2025-07-16,6,29.345,26.011
2025-07-16,21,25.451,
2025-07-18,6,26.637,24.512
2025-07-18,21,24.623,
2025-07-20,6,27.906,25.008
2025-07-20,21,25.356,
2025-07-22,6,26.091,24.574
2025-07-22,21,24.358,
2025-07-24,6,25.552,23.934
2025-07-24,21,25.064,
2025-07-26,6,28.127,25.002
2025-07-26,21,25.308,
2025-07-28,6,28.375,25.574
2025-07-28,21,26.25,
2025-07-30,6,29.741,24.547
2025-07-30,21,26.825,
2025-08-01,6,30.704,24.402
2025-08-01,21,25.824,
2025-08-03,6,31.278,24.572
2025-08-03,21,24.441,
2025-08-05,6,31.423,25.626
2025-08-05,21,25.845,
2025-08-07,6,29.268,24.346
2025-08-07,21,24.1,
2025-08-09,6,29.461,24.89
2025-08-09,21,24.692,
2025-08-11,6,31.496,24.431
2025-08-11,21,25.506,
2025-08-13,6,30.132,25.253
2025-08-13,21,25.128,
2025-08-15,6,30.079,24.137
2025-08-15,21,24.631,
2025-08-17,6,30.778,23.648
2025-08-17,21,24.786,
2025-08-19,6,31.875,24.744
2025-08-19,21,25.842,
2025-08-21,6,29.111,24.456
2025-08-21,21,24.853,
2025-08-23,6,28.495,23.41
2025-08-23,21,24.697,
2025-08-25,6,29.02,24.197
2025-08-25,21,23.972,
2025-08-27,6,29.269,24.748
2025-08-27,21,25.198,
2025-08-29,6,28.487,24.75
2025-08-29,21,25.195,
2025-08-31,6,29.053,25.085
2025-08-31,21,24.709,
2025-09-02,6,28.336,25.406
2025-09-02,21,24.921,
2025-09-04,6,28.558,25.077
2025-09-04,21,24.509,
2025-09-06,6,27.23,24.375
2025-09-06,21,24.109,
2025-09-08,6,29.547,25.043
2025-09-08,21,24.191,
2025-09-10,6,27.349,23.621
2025-09-10,21,24.369,
2025-09-12,6,31.047,25.133
2025-09-12,21,25.123,
2025-09-14,6,27.046,24.303
2025-09-14,21,25.306,
2025-09-16,6,27.683,24.661
2025-09-16,21,24.418,
2025-09-18,6,27.588,24.977
2025-09-18,21,24.794,
2025-09-20,6,28.458,25.5
2025-09-20,21,24.155,
2025-09-22,6,26.064,24.418
2025-09-22,21,25.015,
2025-09-24,6,27.256,25.007
2025-09-24,21,24.104,
2025-09-26,6,27.066,24.506
2025-09-26,21,25.505,
2025-09-28,6,30.364,25.295
2025-09-28,21,25.761,
2025-09-30,6,29.512,24.311
2025-09-30,21,24.549,
2025-10-02,6,29.414,25.276
2025-10-02,21,25.309,
2025-10-04,6,27.945,24.094
2025-10-04,21,23.682,
2025-10-06,6,30.856,23.874
2025-10-06,21,25.261,
2025-10-08,6,29.019,24.381
2025-10-08,21,25.088,
2025-10-10,6,27.873,24.711
2025-10-10,21,24.367,
2025-10-12,6,30.322,24.782
2025-10-12,21,25.617,
2025-10-14,6,28.118,23.735
2025-10-14,21,25.441,
2025-10-16,6,30.006,24.201
2025-10-16,21,26.339,
2025-10-18,6,30.189,24.665
2025-10-18,21,25.121,
2025-10-20,6,31.668,24.127
2025-10-20,21,25.72,
2025-10-22,6,31.968,24.65
2025-10-22,21,25.467,
2025-10-24,6,30.493,23.819
2025-10-24,21,25.574,
2025-10-26,6,30.095,25.581
2025-10-26,21,25.636,
2025-10-28,6,31.151,25.542
2025-10-28,21,25.861,
2025-10-30,6,30.164,25.034
2025-10-30,21,25.69,
2025-11-01,6,31.02,24.678
2025-11-01,21,25.707,
2025-11-03,6,27.684,23.924
2025-11-03,21,25.161,
2025-11-05,6,29.371,24.169
2025-11-05,21,26.06,
2025-11-07,6,31.59,24.765
2025-11-07,21,25.674,
2025-11-09,6,23.698,22.538
2025-11-09,21,25.774,
2025-11-11,6,30.096,25.351
2025-11-11,21,25.085,
2025-11-13,6,30.322,24.654
2025-11-13,21,24.849,
2025-11-15,6,28.403,23.805
2025-11-15,21,25.574,
2025-11-17,6,30.202,24.203
2025-11-17,21,25.456,
2025-11-19,6,29.835,24.16
2025-11-19,21,25.7,
2025-11-21,6,30.162,23.362
2025-11-21,21,25.429,
2025-11-23,6,28.936,23.572
2025-11-23,21,25.76,
2025-11-25,6,26.478,24.026
2025-11-25,21,25.691,
2025-11-27,6,29.367,25.44
2025-11-27,21,25.594,
2025-11-29,6,29.908,24.809
2025-11-29,21,24.489,
2025-12-01,6,30.564,24.793
2025-12-01,21,24.494,
2025-12-03,6,30.839,23.459
2025-12-03,21,25.359,
2025-12-05,6,27.87,20.368
2025-12-05,21,23.286,
2025-12-07,6,26.013,22.264
2025-12-07,21,24.771,
2025-12-09,6,28.235,23.743
2025-12-09,21,25.149,
2025-12-11,6,28.671,24.305
2025-12-11,21,25.051,
2025-12-13,6,28.734,22.612
2025-12-13,21,25.035,
2025-12-15,6,27.744,22.972
2025-12-15,21,24.809,
2025-12-17,6,28.309,23.451
2025-12-17,21,25.202,
2025-12-19,6,28.643,23.585
2025-12-19,21,24.806,
2025-12-21,6,29.068,23.578
2025-12-21,21,24.491,
2025-12-23,6,27.385,23.547
2025-12-23,21,24.363,
2025-12-25,6,30.198,23.49
2025-12-25,21,24.633,
2025-12-27,6,29.91,22.895
2025-12-27,21,23.885,
2025-12-29,6,29.816,23.19
2025-12-29,21,23.714,
2025-12-31,6,29.08,22.789
2025-12-31,21,24.741,
2026-01-02,6,25.35,21.989
2026-01-02,21,23.245,
2026-01-04,6,26.965,19.863
2026-01-04,21,23.39,
2026-01-06,6,26.198,22.906
2026-01-06,21,23.632,
2026-01-08,6,27.106,21.877
2026-01-08,21,24.127,
2026-01-10,6,28.109,22.288
2026-01-10,21,23.309,
2026-01-12,6,27.061,22.033
2026-01-12,21,23.409,
2026-01-14,6,28.834,22.798
2026-01-14,21,23.876,
2026-01-16,6,28.762,21.152
2026-01-16,21,23.333,
2026-01-18,6,28.192,22.44
2026-01-18,21,24.123,
2026-01-20,6,28.856,22.059
2026-01-20,21,22.827,
2026-01-22,6,26.534,18.763
2026-01-22,21,21.537,
2026-01-24,6,26.322,19.154
2026-01-24,21,21.784,
2026-01-26,6,27.008,21.299
2026-01-26,21,23.61,
2026-01-28,6,28.048,21.055
2026-01-28,21,22.501,
2026-01-30,6,26.666,19.939
2026-01-30,21,22.814,
2026-02-01,6,28.248,19.126
2026-02-01,21,23.586,
2026-02-03,6,28.574,18.931
2026-02-03,21,23.0,
2026-02-05,6,28.408,18.488
2026-02-05,21,23.053,
2026-02-07,6,26.816,22.538
2026-02-07,21,24.519,
2026-02-09,6,25.235,19.166
2026-02-09,21,22.257,
2026-02-11,6,27.986,21.463
2026-02-11,21,24.575,
2026-02-13,6,27.675,21.771
2026-02-13,21,24.583,
2026-02-15,6,28.755,22.764
2026-02-15,21,24.839,
2026-02-17,6,30.091,23.216
2026-02-17,21,24.437,
2026-02-19,6,28.722,20.075
2026-02-19,21,23.942,
2026-02-21,6,28.773,20.431
2026-02-21,21,22.615,
2026-02-23,6,30.066,19.618
2026-02-23,21,24.442,
2026-02-25,6,30.871,21.498
2026-02-25,21,23.797,
2026-02-27,6,30.648,21.916
2026-02-27,21,23.328,
2026-03-01,6,30.333,22.028
2026-03-01,21,25.172,
2026-03-03,6,31.474,22.085
2026-03-03,21,23.418,
2026-03-05,6,30.856,22.274
2026-03-05,21,24.319,
2026-03-07,6,30.96,21.588
2026-03-07,21,24.666,
2026-03-09,6,29.003,19.419
2026-03-09,21,23.376,
2026-03-11,6,29.483,19.123
2026-03-11,21,22.217,
2026-03-13,6,26.48,18.482
2026-03-13,21,21.508,
2026-03-15,6,26.963,16.287
2026-03-15,21,21.948,
2026-03-17,6,27.956,20.637
2026-03-17,21,23.262,
2026-03-19,6,30.041,20.961
2026-03-19,21,23.13,
2026-03-21,6,30.774,18.119
2026-03-21,21,23.262,
2026-03-23,6,30.784,19.279
2026-03-23,21,22.49,
2026-03-25,6,30.682,22.673
2026-03-25,21,24.957,
2026-03-27,6,32.069,21.543
2026-03-27,21,23.977,
2026-03-29,6,31.881,21.863
2026-03-29,21,24.403,
2026-03-31,6,32.419,20.953
2026-03-31,21,23.4,
2026-04-02,6,31.967,19.241
2026-04-02,21,23.648,
2026-04-04,6,32.378,19.536
2026-04-04,21,24.314,
2026-04-06,6,33.547,20.158
2026-04-06,21,24.586,
2026-04-08,6,33.396,19.353
2026-04-08,21,24.113,
2026-04-10,6,33.176,22.292
2026-04-10,21,25.233,
2026-04-12,6,33.332,20.878
2026-04-12,21,24.395,
2026-04-14,6,33.577,19.468
2026-04-14,21,24.497,
2026-04-16,6,33.274,20.0
2026-04-16,21,24.274,
2026-04-18,6,32.261,21.521
2026-04-18,21,24.846,
2026-04-20,6,33.778,20.41
2026-04-20,21,25.771,
2026-04-22,6,33.571,19.325
2026-04-22,21,24.675,
2026-04-24,6,33.898,20.166
2026-04-24,21,25.817,
2026-04-26,6,34.178,22.254
2026-04-26,21,26.499,
2026-04-28,6,33.95,22.099
2026-04-28,21,26.482,
2026-04-30,6,33.978,21.622
2026-04-30,21,26.751,
2026-05-02,6,34.447,22.027
2026-05-02,21,25.969,
2026-05-04,6,34.418,21.138
2026-05-04,21,26.378,
2026-05-06,6,33.567,23.21
2026-05-06,21,25.633,
2026-05-08,6,34.763,23.12
2026-05-08,21,27.27,
2026-05-10,6,34.817,20.523
2026-05-10,21,27.032,
2026-05-12,6,35.027,22.603
2026-05-12,21,27.233,
2026-05-14,6,33.401,23.98
2026-05-14,21,27.299,
2026-05-16,6,32.425,24.593
2026-05-16,21,25.563,
2026-05-18,6,32.676,24.842
2026-05-18,21,26.724,
2026-05-20,6,33.477,24.316
2026-05-20,21,27.226,
2026-05-22,6,34.384,24.727
2026-05-22,21,27.308,
2026-05-24,6,34.206,24.193
2026-05-24,21,27.513,
2026-05-26,6,34.37,23.527
2026-05-26,21,27.065,
2026-05-28,6,34.127,25.317
2026-05-28,21,26.896,
2026-05-30,6,32.479,25.262
2026-05-30,21,26.682,
2026-06-01,6,28.815,25.288
2026-06-01,21,25.136,
2026-06-03,6,27.777,24.294
2026-06-03,21,25.851,
2026-06-05,6,28.15,25.533
2026-06-05,21,25.285,
2026-06-07,6,30.132,23.738
2026-06-07,21,26.115,
2026-06-09,6,31.727,25.574
2026-06-09,21,26.254,
2026-06-11,6,32.777,25.843
2026-06-11,21,26.041,
2026-06-13,6,31.544,25.112
2026-06-13,21,24.658,
2026-06-15,6,30.478,24.262
2026-06-15,21,24.993,
2026-06-17,6,33.228,24.165
2026-06-17,21,26.897,
2026-06-19,6,32.269,24.54
2026-06-19,21,26.994,
2026-06-21,6,33.408,25.027
2026-06-21,21,25.822,
2026-06-23,6,30.889,24.61
2026-06-23,21,26.153,
2026-06-25,6,29.959,25.193
2026-06-25,21,25.345,
2026-06-27,6,30.692,24.519
2026-06-27,21,25.486,
2026-06-29,6,30.736,24.978
2026-06-29,21,25.875,
2026-07-01,6,29.945,25.407
2026-07-01,21,26.188,
2026-07-03,6,32.397,24.044
2026-07-03,21,26.129,
2026-07-05,6,32.962,24.582
2026-07-05,21,26.534,
2026-07-07,6,33.36,25.183
2026-07-07,21,26.009,
2026-07-09,6,30.175,25.274
2026-07-09,21,26.612,
2026-07-11,6,27.208,24.851
2026-07-11,21,25.241,
2026-07-13,6,28.527,25.168
2026-07-13,21,24.316,
2026-07-15,6,31.332,24.561
2026-07-15,21,24.916,
2026-07-17,6,30.801,24.463
2026-07-17,21,25.408,
2026-07-19,6,29.504,25.631
2026-07-19,21,24.963,
2026-07-21,6,31.656,25.194
2026-07-21,21,25.171,
2026-07-23,6,30.453,24.914
2026-07-23,21,25.171,
2026-07-25,6,29.011,24.411
2026-07-25,21,24.893,
2026-07-27,6,31.57,24.433
2026-07-27,21,24.936,
2026-07-29,6,25.94,23.992
2026-07-29,21,23.746,
2026-07-31,6,30.146,25.121
2026-07-31,21,24.544,
2026-08-02,6,27.509,25.013
2026-08-02,21,25.035,
2026-08-04,6,26.733,24.707
2026-08-04,21,25.291,
2026-08-06,6,26.506,24.736
2026-08-06,21,25.208,
2026-08-08,6,24.73,23.824
2026-08-08,21,24.359,
2026-08-10,6,27.509,25.163
2026-08-10,21,25.589,
2026-08-12,6,26.969,25.038
2026-08-12,21,25.041,
2026-08-14,6,26.793,25.355
2026-08-14,21,25.227,
2026-08-16,6,28.766,25.285
2026-08-16,21,25.371,
2026-08-18,6,26.369,24.279
2026-08-18,21,24.399,
2026-08-20,6,29.915,24.877
2026-08-20,21,25.828,
2026-08-22,6,28.596,25.029
2026-08-22,21,26.002,
2026-08-24,6,28.47,25.033
2026-08-24,21,26.082,
2026-08-26,6,29.274,25.153
2026-08-26,21,25.692,
2026-08-28,6,26.254,24.22
2026-08-28,21,24.157,
2026-08-30,6,26.547,24.672
2026-08-30,21,25.84,
2026-09-01,6,29.447,25.732
2026-09-01,21,26.459,
2026-09-03,6,29.063,25.536
2026-09-03,21,25.093,
2026-09-05,6,25.517,23.871
2026-09-05,21,25.142,
2026-09-07,6,25.808,23.865
2026-09-07,21,24.143,
2026-09-09,6,27.822,24.654
2026-09-09,21,24.18,
2026-09-11,6,28.604,23.901
2026-09-11,21,24.791,
2026-09-13,6,30.342,24.588
2026-09-13,21,24.864,
2026-09-15,6,29.611,24.712
2026-09-15,21,25.726,
2026-09-17,6,30.203,25.12
2026-09-17,21,24.846,
2026-09-19,6,31.182,24.991
2026-09-19,21,25.028,
2026-09-21,6,30.695,26.497
2026-09-21,21,25.255,
2026-09-23,6,30.701,25.438
2026-09-23,21,24.938,
2026-09-25,6,29.641,24.118
2026-09-25,21,24.994,
2026-09-27,6,31.326,24.688
2026-09-27,21,25.768,
2026-09-29,6,31.288,25.017
2026-09-29,21,25.687,
